sample_id,site,mineral,image_path,audio_path,Au,Cu,Fe,S,O
S00001,Kapoeta_East,gold,images\Kapoeta_East\gold\00185320017579428891194.jpg,,93.96,2.29,0.58,1.47,1.7
S00002,Kapoeta_East,gold,images\Kapoeta_East\gold\00291600017617126703954.jpg,,95.6,1.57,1.51,0.95,0.36
S00003,Kapoeta_East,gold,images\Kapoeta_East\gold\00440250017637661418244.jpg,,96.41,0.58,2.48,0.32,0.21
S00004,Kapoeta_East,gold,images\Kapoeta_East\gold\00590940017555323139936.jpg,,94.39,2.23,2.06,0.27,1.05
S00005,Kapoeta_East,gold,images\Kapoeta_East\gold\00604650017633654644931.jpg,,92.86,0.87,3.51,1.07,1.7
S00006,Kapoeta_East,gold,images\Kapoeta_East\gold\00682700017555250307507.jpg,,96.5,0.61,1.63,0.64,0.61
S00007,Kapoeta_East,gold,images\Kapoeta_East\gold\00697610017558168952648.jpg,,93.55,2.3,3.17,0.2,0.77
S00008,Kapoeta_East,gold,images\Kapoeta_East\gold\00789100017589731412960.jpg,,94.7,1.27,1.62,1.11,1.3
S00009,Kapoeta_East,gold,images\Kapoeta_East\gold\00918520017619990739286.jpg,,95.23,1.69,2.26,0.68,0.14
S00010,Kapoeta_East,gold,images\Kapoeta_East\gold\00947400017549908574400.jpg,,93.63,2.78,1.38,0.68,1.54
S00011,Kapoeta_East,gold,images\Kapoeta_East\gold\01175570017557804198128.jpg,,92.02,2.62,3.24,0.35,1.76
S00012,Kapoeta_East,gold,images\Kapoeta_East\gold\01199450017634861953999.jpg,,94.11,1.04,1.94,1.21,1.69
S00013,Kapoeta_East,gold,images\Kapoeta_East\gold\01235420017621557064548.jpg,,94.46,1.32,2.33,1.09,0.8
S00014,Kapoeta_East,gold,images\Kapoeta_East\gold\01268710017619990786723.jpg,,95.96,1.27,0.66,1.0,1.11
S00015,Kapoeta_East,gold,images\Kapoeta_East\gold\01381690017575863324398.jpg,,94.27,1.12,2.88,1.18,0.56
S00016,Kapoeta_East,gold,images\Kapoeta_East\gold\01561750017574921041697.jpg,,94.69,0.75,3.52,0.57,0.47
S00017,Kapoeta_East,gold,images\Kapoeta_East\gold\01638020017581447402143.jpg,,93.69,0.93,2.89,0.64,1.86
S00018,Kapoeta_East,gold,images\Kapoeta_East\gold\01833870017634395221607.jpg,,93.2,1.22,3.01,1.33,1.24
S00019,Kapoeta_East,gold,images\Kapoeta_East\gold\01875810017628053971511.jpg,,91.94,1.46,3.24,1.45,1.9
S00020,Kapoeta_East,gold,images\Kapoeta_East\gold\01883040017637661477381.jpg,,95.89,2.0,0.53,0.24,1.35
S00021,Kapoeta_East,gold,images\Kapoeta_East\gold\01923580017658956921184.jpg,,94.8,1.09,1.64,1.14,1.33
S00022,Kapoeta_East,gold,images\Kapoeta_East\gold\02032560017633747644764.jpg,,94.81,1.25,1.46,1.57,0.91
S00023,Kapoeta_East,gold,images\Kapoeta_East\gold\02066640017629438378804.jpg,,94.27,2.52,1.62,0.15,1.45
S00024,Kapoeta_East,gold,images\Kapoeta_East\gold\02130040017555323137357.jpg,,92.99,0.55,3.8,0.71,1.96
S00025,Kapoeta_East,gold,images\Kapoeta_East\gold\02156660017558168957788.jpg,,91.76,1.97,3.92,1.12,1.23
S00026,Kapoeta_East,gold,images\Kapoeta_East\gold\02182670017586579731615.jpg,,91.56,2.74,3.15,1.1,1.46
S00027,Kapoeta_East,gold,images\Kapoeta_East\gold\02216710017601154003201.jpg,,92.48,1.76,3.31,1.01,1.44
S00028,Kapoeta_East,gold,images\Kapoeta_East\gold\02291020017620387221172.jpg,,95.54,1.95,0.63,0.75,1.13
S00029,Kapoeta_East,gold,images\Kapoeta_East\gold\02328980017578393911256.jpg,,92.97,1.9,3.36,0.42,1.35
S00030,Kapoeta_East,gold,images\Kapoeta_East\gold\02756190017582161929614.jpg,,92.11,2.35,3.98,0.84,0.73
S00031,Kapoeta_East,gold,images\Kapoeta_East\gold\02766910017578851953208.jpg,,96.14,1.01,1.13,0.49,1.24
S00032,Kapoeta_East,gold,images\Kapoeta_East\gold\02778570017591273816862.jpg,,94.46,1.81,2.53,0.66,0.55
S00033,Kapoeta_East,gold,images\Kapoeta_East\gold\02838510017579390864894.jpg,,95.63,0.78,2.33,0.8,0.45
S00034,Kapoeta_East,gold,images\Kapoeta_East\gold\03023870017633747638436.jpg,,93.73,1.35,2.53,0.76,1.63
S00035,Kapoeta_East,gold,images\Kapoeta_East\gold\03507330017579382797706.jpg,,94.25,1.93,1.85,1.0,0.97
S00036,Kapoeta_East,gold,images\Kapoeta_East\gold\03632220017573557087373.jpg,,97.77,1.05,0.79,0.25,0.14
S00037,Kapoeta_East,gold,images\Kapoeta_East\gold\03634630017562388811176.jpg,,92.01,2.3,2.78,1.37,1.54
S00038,Kapoeta_East,gold,images\Kapoeta_East\gold\04387080017637661467688.jpg,,92.72,3.05,1.99,0.64,1.61
S00039,Kapoeta_East,gold,images\Kapoeta_East\gold\04509630017590473892678.jpg,,92.82,2.83,2.33,1.29,0.73
S00040,Kapoeta_East,gold,images\Kapoeta_East\gold\04523540017634395228912.jpg,,92.32,1.29,3.8,1.42,1.18
S00041,Kapoeta_East,gold,images\Kapoeta_East\gold\04539400017624373067247.jpg,,95.68,2.49,0.82,0.8,0.21
S00042,Kapoeta_East,gold,images\Kapoeta_East\gold\04622800017557677095538.jpg,,94.72,0.86,3.17,0.97,0.29
S00043,Kapoeta_East,gold,images\Kapoeta_East\gold\04652500017621557062540.jpg,,91.66,2.72,3.75,1.1,0.77
S00044,Kapoeta_East,gold,images\Kapoeta_East\gold\04983600017579455597446.jpg,,95.64,0.83,2.36,0.12,1.05
S00045,Kapoeta_East,gold,images\Kapoeta_East\gold\05017330017633747632282.jpg,,95.16,1.46,1.52,1.33,0.53
S00046,Kapoeta_East,gold,images\Kapoeta_East\gold\05320060017548893972448.jpg,,92.81,1.83,4.0,0.2,1.16
S00047,Kapoeta_East,gold,images\Kapoeta_East\gold\05522500017551360124635.jpg,,94.34,2.68,0.64,0.48,1.86
S00048,Kapoeta_East,gold,images\Kapoeta_East\gold\05868140017592237896456.jpg,,95.61,1.6,1.67,0.88,0.24
S00049,Kapoeta_East,gold,images\Kapoeta_East\gold\05994210017599791262945.jpg,,92.4,0.89,3.61,1.23,1.87
S00050,Kapoeta_East,gold,images\Kapoeta_East\gold\06090980017634861953858.jpg,,96.51,0.62,0.6,0.63,1.65
S00051,Kapoeta_East,gold,images\Kapoeta_East\gold\06372060017620335015671.jpg,,95.57,1.72,2.0,0.5,0.21
S00052,Kapoeta_East,gold,images\Kapoeta_East\gold\06426380017633747633713.jpg,,92.01,2.39,3.76,1.27,0.56
S00053,Kapoeta_East,gold,images\Kapoeta_East\gold\06499400017597947085442.jpg,,95.61,1.39,0.89,1.03,1.08
S00054,Kapoeta_East,gold,images\Kapoeta_East\gold\06675470017579381801975.jpg,,95.11,2.61,1.85,0.28,0.15
S00055,Kapoeta_East,gold,images\Kapoeta_East\gold\06703290017557804231366.jpg,,92.48,1.73,3.98,0.64,1.17
S00056,Kapoeta_East,gold,images\Kapoeta_East\gold\06816830017558660078809.jpg,,94.23,0.84,3.61,0.76,0.57
S00057,Kapoeta_East,gold,images\Kapoeta_East\gold\07046430017636977556483.jpg,,97.4,0.88,1.01,0.33,0.39
S00058,Kapoeta_East,gold,images\Kapoeta_East\gold\07142790017683600752921.jpg,,96.0,2.27,1.15,0.39,0.19
S00059,Kapoeta_East,gold,images\Kapoeta_East\gold\07158730017557804197571.jpg,,94.61,1.55,2.48,1.17,0.19
S00060,Kapoeta_East,gold,images\Kapoeta_East\gold\07159430017634395223492.jpg,,94.93,0.68,1.53,1.28,1.58
S00061,Kapoeta_East,gold,images\Kapoeta_East\gold\07175670017589731407940.jpg,,94.8,2.51,0.67,0.48,1.54
S00062,Kapoeta_East,gold,images\Kapoeta_East\gold\07206480017594184545806.jpg,,94.9,2.09,1.54,0.54,0.93
S00063,Kapoeta_East,gold,images\Kapoeta_East\gold\07657810017555250292973.jpg,,93.44,2.21,3.28,0.8,0.27
S00064,Kapoeta_East,gold,images\Kapoeta_East\gold\07938950017634395718168.jpg,,94.87,1.2,1.76,1.0,1.17
S00065,Kapoeta_East,gold,images\Kapoeta_East\gold\07995530017580416309453.jpg,,96.8,0.97,1.24,0.54,0.46
S00066,Kapoeta_East,gold,images\Kapoeta_East\gold\08027150017592237894383.jpg,,93.84,0.82,1.98,1.53,1.83
S00067,Kapoeta_East,gold,images\Kapoeta_East\gold\08161620017633747639613.jpg,,94.82,1.14,3.02,0.34,0.68
S00068,Kapoeta_East,gold,images\Kapoeta_East\gold\08325680017551360121643.jpg,,95.09,1.18,2.45,0.31,0.98
S00069,Kapoeta_East,gold,images\Kapoeta_East\gold\08549270017583944816553.jpg,,92.47,2.27,3.26,0.96,1.03
S00070,Kapoeta_East,gold,images\Kapoeta_East\gold\08759810017613192161743.jpg,,94.32,0.8,3.03,1.4,0.44
S00071,Kapoeta_East,gold,images\Kapoeta_East\gold\08843040017578851954245.jpg,,95.13,0.97,1.14,1.32,1.45
S00072,Kapoeta_East,gold,images\Kapoeta_East\gold\08885470017617656495638.jpg,,95.12,1.61,1.83,0.75,0.68
S00073,Kapoeta_East,gold,images\Kapoeta_East\gold\08903350017592318066318.jpg,,94.39,2.04,0.9,1.4,1.28
S00074,Kapoeta_East,gold,images\Kapoeta_East\gold\09023950017576106377091.jpg,,92.96,2.75,3.28,0.31,0.7
S00075,Kapoeta_East,gold,images\Kapoeta_East\gold\09035490017600768895764.jpg,,94.7,2.67,0.93,1.34,0.36
S00076,Kapoeta_East,gold,images\Kapoeta_East\gold\09045890017548893971484.jpg,,92.93,2.24,2.68,1.04,1.1
S00077,Kapoeta_East,gold,images\Kapoeta_East\gold\09072060017575863314864.jpg,,93.76,3.04,1.1,0.98,1.13
S00078,Kapoeta_East,gold,images\Kapoeta_East\gold\09166690017578851702465.jpg,,91.74,2.49,4.14,1.21,0.43
S00079,Kapoeta_East,gold,images\Kapoeta_East\gold\09322480017634395705824.jpg,,93.53,0.8,4.03,1.3,0.34
S00080,Kapoeta_East,gold,images\Kapoeta_East\gold\09466410017700304531989.jpg,,96.31,0.64,1.69,1.24,0.11
S00081,Kapoeta_East,gold,images\Kapoeta_East\gold\09498070017633747638391.jpg,,96.03,1.61,1.27,0.73,0.36
S00082,Kapoeta_East,gold,images\Kapoeta_East\gold\09519630017550256478634.jpg,,93.52,2.06,2.86,0.12,1.43
S00083,Kapoeta_East,gold,images\Kapoeta_East\gold\09578440017635871166621.jpg,,95.46,2.06,0.76,1.19,0.52
S00084,Kapoeta_East,gold,images\Kapoeta_East\gold\09798220017598449818963.jpg,,95.08,1.96,0.75,1.22,0.99
S00085,Kapoeta_East,gold,images\Kapoeta_East\gold\09929480017587455356301.jpg,,93.5,2.88,1.81,0.48,1.33
S00086,Kapoeta_East,chalcopyrite,images\Kapoeta_East\chalcopyrite\00080690017672354958868.jpg,,0.13,34.25,32.31,32.54,0.77
S00087,Kapoeta_East,chalcopyrite,images\Kapoeta_East\chalcopyrite\00104860017671895206159.jpg,,0.63,35.28,27.63,34.36,2.1
S00088,Kapoeta_East,chalcopyrite,images\Kapoeta_East\chalcopyrite\00231580017682196936232.jpg,,0.68,34.59,30.67,31.38,2.69
S00089,Kapoeta_East,chalcopyrite,images\Kapoeta_East\chalcopyrite\00275920017667737987257.jpg,,0.68,34.95,26.58,36.61,1.19
S00090,Kapoeta_East,chalcopyrite,images\Kapoeta_East\chalcopyrite\00306560017671895196100.jpg,,0.72,30.15,31.87,36.69,0.58
S00091,Kapoeta_East,chalcopyrite,images\Kapoeta_East\chalcopyrite\00314030017667737969151.jpg,,0.91,32.61,32.01,32.24,2.22
S00092,Kapoeta_East,chalcopyrite,images\Kapoeta_East\chalcopyrite\00332930017680042726240.jpg,,0.88,33.39,28.86,34.86,2.01
S00093,Kapoeta_East,chalcopyrite,images\Kapoeta_East\chalcopyrite\00379560017671895183090.jpg,,0.66,34.38,31.59,32.12,1.25
S00094,Kapoeta_East,chalcopyrite,images\Kapoeta_East\chalcopyrite\00837570017663975178893.jpg,,1.07,34.22,29.97,33.75,0.99
S00095,Kapoeta_East,chalcopyrite,images\Kapoeta_East\chalcopyrite\01096320017673813719452.jpg,,0.21,30.46,32.67,34.33,2.33
S00096,Kapoeta_East,chalcopyrite,images\Kapoeta_East\chalcopyrite\01108080017669447345626.jpg,,0.45,32.88,29.75,35.06,1.85
S00097,Kapoeta_East,chalcopyrite,images\Kapoeta_East\chalcopyrite\01392610017679823215734.jpg,,1.1,30.43,29.3,36.72,2.45
S00098,Kapoeta_East,chalcopyrite,images\Kapoeta_East\chalcopyrite\01417020017675802372208.jpg,,0.34,33.48,30.17,34.17,1.85
S00099,Kapoeta_East,chalcopyrite,images\Kapoeta_East\chalcopyrite\01462870017672205361088.jpg,,1.22,36.11,29.36,32.74,0.57
S00100,Kapoeta_East,chalcopyrite,images\Kapoeta_East\chalcopyrite\01980190017667737977995.jpg,,0.18,35.31,31.75,31.51,1.24
S00101,Kapoeta_East,chalcopyrite,images\Kapoeta_East\chalcopyrite\02510840017663379856070.jpg,,1.17,29.99,30.51,35.44,2.89
S00102,Kapoeta_East,chalcopyrite,images\Kapoeta_East\chalcopyrite\02530800017665275278212.jpg,,0.65,32.69,27.96,36.48,2.21
S00103,Kapoeta_East,chalcopyrite,images\Kapoeta_East\chalcopyrite\02605350017665606515296.jpg,,1.52,31.57,29.89,34.4,2.62
S00104,Kapoeta_East,chalcopyrite,images\Kapoeta_East\chalcopyrite\02798290017671502116947.jpg,,1.44,35.16,27.44,34.91,1.05
S00105,Kapoeta_East,chalcopyrite,images\Kapoeta_East\chalcopyrite\02805630017664258774165.jpg,,0.59,33.16,29.26,36.34,0.64
S00106,Kapoeta_East,chalcopyrite,images\Kapoeta_East\chalcopyrite\02862320017671895183888.jpg,,1.06,32.36,32.75,32.97,0.87
S00107,Kapoeta_East,chalcopyrite,images\Kapoeta_East\chalcopyrite\02949830017667737961013.jpg,,0.28,32.29,30.73,33.98,2.71
S00108,Kapoeta_East,chalcopyrite,images\Kapoeta_East\chalcopyrite\03025070017669319072328.jpg,,0.62,35.65,29.88,32.72,1.14
S00109,Kapoeta_East,chalcopyrite,images\Kapoeta_East\chalcopyrite\03089260017679823223483.jpg,,0.62,27.06,30.16,39.87,2.3
S00110,Kapoeta_East,chalcopyrite,images\Kapoeta_East\chalcopyrite\03101090017667737989981.jpg,,1.01,33.03,30.03,33.88,2.06
S00111,Kapoeta_East,chalcopyrite,images\Kapoeta_East\chalcopyrite\03113130017676494568028.jpg,,1.25,33.74,28.98,33.44,2.59
S00112,Kapoeta_East,chalcopyrite,images\Kapoeta_East\chalcopyrite\03190700017671895173874.jpg,,0.96,34.62,26.91,35.72,1.79
S00113,Kapoeta_East,chalcopyrite,images\Kapoeta_East\chalcopyrite\03282190017663975169339.jpg,,0.19,36.78,27.07,34.74,1.23
S00114,Kapoeta_East,chalcopyrite,images\Kapoeta_East\chalcopyrite\03325220017683471072836.jpg,,1.13,34.63,28.65,35.04,0.55
S00115,Kapoeta_East,chalcopyrite,images\Kapoeta_East\chalcopyrite\04137370017679823237921.jpg,,1.27,31.74,31.15,33.5,2.34
S00116,Kapoeta_East,chalcopyrite,images\Kapoeta_East\chalcopyrite\04177970017677953099225.jpg,,0.67,32.94,30.76,33.61,2.03
S00117,Kapoeta_East,chalcopyrite,images\Kapoeta_East\chalcopyrite\04211040017663975193500.jpg,,0.61,32.61,29.06,35.06,2.65
S00118,Kapoeta_East,chalcopyrite,images\Kapoeta_East\chalcopyrite\04247690017678893561540.jpg,,1.11,32.34,30.16,34.43,1.97
S00119,Kapoeta_East,chalcopyrite,images\Kapoeta_East\chalcopyrite\04368300017683747511007.jpg,,0.7,31.93,30.41,35.95,1.0
S00120,Kapoeta_East,chalcopyrite,images\Kapoeta_East\chalcopyrite\04631980017682196915971.jpg,,0.12,34.95,31.74,32.45,0.73
S00121,Kapoeta_East,chalcopyrite,images\Kapoeta_East\chalcopyrite\04706130017667737979284.jpg,,0.24,34.34,30.49,33.86,1.07
S00122,Kapoeta_East,chalcopyrite,images\Kapoeta_East\chalcopyrite\04747620017674837956647.jpg,,0.55,32.89,29.89,34.88,1.78
S00123,Kapoeta_East,chalcopyrite,images\Kapoeta_East\chalcopyrite\04928590017680042716992.jpg,,0.37,34.26,27.78,36.69,0.9
S00124,Kapoeta_East,chalcopyrite,images\Kapoeta_East\chalcopyrite\04961370017682636529110.jpg,,1.05,34.73,29.49,32.15,2.58
S00125,Kapoeta_East,chalcopyrite,images\Kapoeta_East\chalcopyrite\05164680017679823205272.jpg,,0.96,33.29,31.0,33.02,1.74
S00126,Kapoeta_East,chalcopyrite,images\Kapoeta_East\chalcopyrite\05203150017664311683132.jpg,,1.38,35.48,28.03,33.85,1.26
S00127,Kapoeta_East,chalcopyrite,images\Kapoeta_East\chalcopyrite\05256900017663379859610.jpg,,1.07,32.79,32.63,32.81,0.69
S00128,Kapoeta_East,chalcopyrite,images\Kapoeta_East\chalcopyrite\05452280017671895185928.jpg,,0.55,33.75,27.76,36.6,1.34
S00129,Kapoeta_East,chalcopyrite,images\Kapoeta_East\chalcopyrite\05548880017668486377402.jpg,,0.9,33.26,33.09,30.04,2.7
S00130,Kapoeta_East,chalcopyrite,images\Kapoeta_East\chalcopyrite\05582820017672354983847.jpg,,0.35,32.53,30.98,35.07,1.08
S00131,Kapoeta_East,chalcopyrite,images\Kapoeta_East\chalcopyrite\05624120017671895176412.jpg,,0.95,34.81,33.3,30.02,0.93
S00132,Kapoeta_East,chalcopyrite,images\Kapoeta_East\chalcopyrite\05624670017667738089327.jpg,,1.41,33.87,28.53,34.62,1.58
S00133,Kapoeta_East,chalcopyrite,images\Kapoeta_East\chalcopyrite\05684560017679823191244.jpg,,1.03,32.1,31.26,34.73,0.87
S00134,Kapoeta_East,chalcopyrite,images\Kapoeta_East\chalcopyrite\05688760017667737961025.jpg,,0.9,30.43,30.67,35.39,2.62
S00135,Kapoeta_East,chalcopyrite,images\Kapoeta_East\chalcopyrite\05879760017671895199542.jpg,,0.82,34.68,28.85,35.04,0.61
S00136,Kapoeta_East,chalcopyrite,images\Kapoeta_East\chalcopyrite\05920940017670245437546.jpg,,0.69,33.5,30.4,33.73,1.68
S00137,Kapoeta_East,chalcopyrite,images\Kapoeta_East\chalcopyrite\06221320017668565389908.jpg,,0.7,31.21,30.86,34.64,2.59
S00138,Kapoeta_East,chalcopyrite,images\Kapoeta_East\chalcopyrite\06837210017671104177098.jpg,,1.24,30.93,33.22,32.8,1.81
S00139,Kapoeta_East,chalcopyrite,images\Kapoeta_East\chalcopyrite\07111940017679274809641.jpg,,0.99,30.96,32.9,32.22,2.92
S00140,Kapoeta_East,chalcopyrite,images\Kapoeta_East\chalcopyrite\07132200017667778196967.jpg,,1.23,32.65,31.25,33.47,1.4
S00141,Kapoeta_East,chalcopyrite,images\Kapoeta_East\chalcopyrite\07170180017680042723033.jpg,,0.1,36.13,28.71,33.81,1.26
S00142,Kapoeta_East,chalcopyrite,images\Kapoeta_East\chalcopyrite\07523820017667737953204.jpg,,0.45,33.99,31.11,33.74,0.73
S00143,Kapoeta_East,chalcopyrite,images\Kapoeta_East\chalcopyrite\07553790017667737973173.jpg,,0.56,33.54,31.71,32.78,1.4
S00144,Kapoeta_East,chalcopyrite,images\Kapoeta_East\chalcopyrite\07679400017669319072091.jpg,,1.37,32.73,30.11,35.28,0.52
S00145,Kapoeta_East,chalcopyrite,images\Kapoeta_East\chalcopyrite\07856420017683351034611.jpg,,0.45,33.29,30.92,34.16,1.19
S00146,Kapoeta_East,chalcopyrite,images\Kapoeta_East\chalcopyrite\07952290017671895183677.jpg,,0.68,32.29,28.67,37.55,0.81
S00147,Kapoeta_East,chalcopyrite,images\Kapoeta_East\chalcopyrite\08039760017671895177148.jpg,,0.84,33.72,27.66,37.19,0.59
S00148,Kapoeta_East,chalcopyrite,images\Kapoeta_East\chalcopyrite\08241840017665606502261.jpg,,0.96,34.58,29.32,33.6,1.54
S00149,Kapoeta_East,chalcopyrite,images\Kapoeta_East\chalcopyrite\08304360017679823215036.jpg,,0.22,33.89,27.27,36.71,1.91
S00150,Kapoeta_East,chalcopyrite,images\Kapoeta_East\chalcopyrite\08594030017680042706205.jpg,,0.13,32.6,30.29,34.86,2.12
S00151,Kapoeta_East,chalcopyrite,images\Kapoeta_East\chalcopyrite\08733330017685136861466.jpg,,0.64,33.91,29.31,34.63,1.51
S00152,Kapoeta_East,chalcopyrite,images\Kapoeta_East\chalcopyrite\08759980017663379841245.jpg,,0.46,31.18,30.29,37.4,0.67
S00153,Kapoeta_East,chalcopyrite,images\Kapoeta_East\chalcopyrite\08771400017664258768816.jpg,,1.24,33.52,30.55,33.59,1.1
S00154,Kapoeta_East,chalcopyrite,images\Kapoeta_East\chalcopyrite\08822860017682094593837.jpg,,1.45,33.52,31.95,31.0,2.09
S00155,Kapoeta_East,chalcopyrite,images\Kapoeta_East\chalcopyrite\08859460017667738087659.jpg,,0.73,32.15,31.88,32.84,2.4
S00156,Kapoeta_East,chalcopyrite,images\Kapoeta_East\chalcopyrite\08984310017676575488858.jpg,,1.47,34.18,27.89,33.69,2.77
S00157,Kapoeta_East,chalcopyrite,images\Kapoeta_East\chalcopyrite\09184430017667737966093.jpg,,1.07,32.42,30.51,35.43,0.58
S00158,Kapoeta_East,chalcopyrite,images\Kapoeta_East\chalcopyrite\09305950017666093578565 (1).jpg,,0.65,35.48,26.48,35.79,1.6
S00159,Kapoeta_East,chalcopyrite,images\Kapoeta_East\chalcopyrite\09305950017666093578565.jpg,,1.29,32.6,30.55,32.96,2.6
S00160,Kapoeta_East,chalcopyrite,images\Kapoeta_East\chalcopyrite\09564060017680273669760.jpg,,0.56,35.54,29.99,31.12,2.79
S00161,Kapoeta_East,chalcopyrite,images\Kapoeta_East\chalcopyrite\09646710017671502108802.jpg,,0.76,38.28,28.14,31.41,1.41
S00162,Kapoeta_East,chalcopyrite,images\Kapoeta_East\chalcopyrite\09677500017683471067089.jpg,,1.37,33.86,28.94,34.33,1.49
S00163,Kapoeta_East,chalcopyrite,images\Kapoeta_East\chalcopyrite\09745930017668371542015.jpg,,0.19,36.21,28.22,32.91,2.48
S00164,Kapoeta_East,chalcopyrite,images\Kapoeta_East\chalcopyrite\09863160017679823172376.jpg,,1.06,35.27,29.05,33.98,0.65
S00165,Kapoeta_East,chalcopyrite,images\Kapoeta_East\chalcopyrite\09939090017683747485820.jpg,,1.26,33.67,33.04,30.5,1.53
S00166,Kapoeta_East,hematite,images\Kapoeta_East\hematite\00005200017689449142879.jpg,,0.12,0.59,69.21,1.16,28.92
S00167,Kapoeta_East,hematite,images\Kapoeta_East\hematite\00023390017679535185844.jpg,,0.21,1.21,65.9,0.78,31.9
S00168,Kapoeta_East,hematite,images\Kapoeta_East\hematite\00061590017682943039097.jpg,,0.42,0.82,69.27,0.72,28.77
S00169,Kapoeta_East,hematite,images\Kapoeta_East\hematite\00395990017685692917616.jpg,,0.31,1.6,70.72,0.14,27.23
S00170,Kapoeta_East,hematite,images\Kapoeta_East\hematite\00451780017692656564615.jpg,,0.15,0.99,68.75,0.28,29.83
S00171,Kapoeta_East,hematite,images\Kapoeta_East\hematite\00522400017680531932042.jpg,,0.16,0.12,70.58,1.36,27.79
S00172,Kapoeta_East,hematite,images\Kapoeta_East\hematite\00632440017696770255454.jpg,,0.26,0.29,70.43,1.02,28.0
S00173,Kapoeta_East,hematite,images\Kapoeta_East\hematite\01196230017673288536875.jpg,,0.63,0.78,67.8,0.37,30.43
S00174,Kapoeta_East,hematite,images\Kapoeta_East\hematite\01273930017694612824838.jpg,,0.99,1.25,67.91,0.92,28.93
S00175,Kapoeta_East,hematite,images\Kapoeta_East\hematite\01291090017680619799543.jpg,,0.48,1.22,69.97,1.37,26.97
S00176,Kapoeta_East,hematite,images\Kapoeta_East\hematite\01374720017671692723006.jpg,,0.88,1.71,64.13,1.39,31.89
S00177,Kapoeta_East,hematite,images\Kapoeta_East\hematite\01402550017680533308886.jpg,,0.25,1.11,66.52,1.44,30.67
S00178,Kapoeta_East,hematite,images\Kapoeta_East\hematite\01429650017674838148837.jpg,,0.52,1.6,69.37,1.06,27.44
S00179,Kapoeta_East,hematite,images\Kapoeta_East\hematite\01887150017680531969283.jpg,,0.64,1.46,67.73,0.31,29.87
S00180,Kapoeta_East,hematite,images\Kapoeta_East\hematite\02153720017697345153042.jpg,,0.8,0.47,69.03,0.85,28.84
S00181,Kapoeta_East,hematite,images\Kapoeta_East\hematite\02302050017680531972614.jpg,,0.79,0.17,67.84,1.15,30.05
S00182,Kapoeta_East,hematite,images\Kapoeta_East\hematite\02307920017686977301252.jpg,,0.96,0.77,67.25,0.7,30.33
S00183,Kapoeta_East,hematite,images\Kapoeta_East\hematite\02329790017682943058031.jpg,,0.83,0.28,70.3,0.94,27.64
S00184,Kapoeta_East,hematite,images\Kapoeta_East\hematite\02330560017672623656788.jpg,,0.64,1.47,66.55,0.43,30.91
S00185,Kapoeta_East,hematite,images\Kapoeta_East\hematite\02346240017683962156562.jpg,,0.75,1.01,68.31,0.67,29.26
S00186,Kapoeta_East,hematite,images\Kapoeta_East\hematite\02668660017680533293630.jpg,,0.91,1.71,66.29,0.91,30.18
S00187,Kapoeta_East,hematite,images\Kapoeta_East\hematite\02783660017672704624065.jpg,,0.59,1.18,69.47,0.35,28.41
S00188,Kapoeta_East,hematite,images\Kapoeta_East\hematite\02786880017680441333086.jpg,,0.35,1.78,68.85,0.44,28.59
S00189,Kapoeta_East,hematite,images\Kapoeta_East\hematite\02804920017680531945909.jpg,,0.23,0.27,68.76,1.19,29.55
S00190,Kapoeta_East,hematite,images\Kapoeta_East\hematite\02998330017692786998710.jpg,,0.84,1.45,65.93,1.55,30.23
S00191,Kapoeta_East,hematite,images\Kapoeta_East\hematite\03029860017689714602867.jpg,,0.33,1.5,68.7,0.71,28.76
S00192,Kapoeta_East,hematite,images\Kapoeta_East\hematite\03250560017689218922147.jpg,,0.42,1.84,72.01,0.13,25.61
S00193,Kapoeta_East,hematite,images\Kapoeta_East\hematite\03493830017680616838244.jpg,,0.74,1.91,70.64,0.45,26.26
S00194,Kapoeta_East,hematite,images\Kapoeta_East\hematite\03540590017684498169620.jpg,,0.21,0.4,71.02,0.43,27.93
S00195,Kapoeta_East,hematite,images\Kapoeta_East\hematite\03581280017689218905220.jpg,,0.15,1.35,68.71,0.81,28.98
S00196,Kapoeta_East,hematite,images\Kapoeta_East\hematite\03660250017687067266625.jpg,,0.49,0.84,68.32,0.96,29.4
S00197,Kapoeta_East,hematite,images\Kapoeta_East\hematite\03677640017674754581144.jpg,,0.24,0.7,70.12,1.12,27.82
S00198,Kapoeta_East,hematite,images\Kapoeta_East\hematite\04174610017685571493498.jpg,,0.99,1.57,67.7,0.14,29.6
S00199,Kapoeta_East,hematite,images\Kapoeta_East\hematite\04378760017682943035444.jpg,,0.85,0.83,66.03,1.2,31.08
S00200,Kapoeta_East,hematite,images\Kapoeta_East\hematite\04394620017674676561965.jpg,,0.78,0.82,64.71,1.32,32.38
S00201,Kapoeta_East,hematite,images\Kapoeta_East\hematite\04458680017680533276410.jpg,,0.25,1.7,69.23,0.96,27.86
S00202,Kapoeta_East,hematite,images\Kapoeta_East\hematite\04459720017680533266766.jpg,,0.95,0.87,67.22,1.45,29.51
S00203,Kapoeta_East,hematite,images\Kapoeta_East\hematite\04631980017682196915971.jpg,,0.68,1.64,67.79,0.19,29.69
S00204,Kapoeta_East,hematite,images\Kapoeta_East\hematite\04660280017680531934985.jpg,,0.48,1.53,71.46,0.68,25.84
S00205,Kapoeta_East,hematite,images\Kapoeta_East\hematite\04699350017689714596007 (1).jpg,,0.18,0.52,69.07,0.28,29.94
S00206,Kapoeta_East,hematite,images\Kapoeta_East\hematite\04980230017676418184047.jpg,,0.49,1.83,66.79,0.92,29.97
S00207,Kapoeta_East,hematite,images\Kapoeta_East\hematite\04996130017682618518372.jpg,,0.3,1.66,67.42,0.48,30.14
S00208,Kapoeta_East,hematite,images\Kapoeta_East\hematite\05357930017684148657853.jpg,,0.85,1.5,66.53,1.16,29.96
S00209,Kapoeta_East,hematite,images\Kapoeta_East\hematite\05564820017685018083418.jpg,,0.5,1.69,68.13,0.84,28.85
S00210,Kapoeta_East,hematite,images\Kapoeta_East\hematite\05583740017682703109533.jpg,,0.35,1.73,66.75,0.51,30.66
S00211,Kapoeta_East,hematite,images\Kapoeta_East\hematite\06036680017680441865667.jpg,,0.83,0.63,69.43,1.3,27.81
S00212,Kapoeta_East,hematite,images\Kapoeta_East\hematite\06407620017679941198488.jpg,,0.35,1.17,69.45,0.49,28.54
S00213,Kapoeta_East,hematite,images\Kapoeta_East\hematite\06431320017685571497965.jpg,,0.88,0.44,67.27,0.21,31.2
S00214,Kapoeta_East,hematite,images\Kapoeta_East\hematite\06715010017680531965299.jpg,,0.15,1.55,69.44,0.87,27.99
S00215,Kapoeta_East,hematite,images\Kapoeta_East\hematite\06744580017689449149366.jpg,,0.53,0.87,69.3,0.51,28.78
S00216,Kapoeta_East,hematite,images\Kapoeta_East\hematite\06867790017678809053095.jpg,,0.58,1.32,67.05,0.4,30.65
S00217,Kapoeta_East,hematite,images\Kapoeta_East\hematite\06892040017682466656054.jpg,,0.72,0.99,69.01,0.92,28.36
S00218,Kapoeta_East,hematite,images\Kapoeta_East\hematite\07074170017689218911985.jpg,,0.94,0.71,69.29,0.75,28.31
S00219,Kapoeta_East,hematite,images\Kapoeta_East\hematite\07204960017685692918411.jpg,,0.82,1.19,67.73,0.82,29.44
S00220,Kapoeta_East,hematite,images\Kapoeta_East\hematite\07434280017689449139383.jpg,,0.56,1.76,67.5,0.79,29.4
S00221,Kapoeta_East,hematite,images\Kapoeta_East\hematite\07545960017689714595412.jpg,,0.94,1.5,69.36,0.98,27.22
S00222,Kapoeta_East,hematite,images\Kapoeta_East\hematite\07605630017683595045592.jpg,,0.35,0.22,68.02,0.99,30.42
S00223,Kapoeta_East,hematite,images\Kapoeta_East\hematite\07719930017681792526095.jpg,,0.77,0.23,69.48,0.21,29.31
S00224,Kapoeta_East,hematite,images\Kapoeta_East\hematite\07884050017682177437227.jpg,,0.67,1.83,66.73,0.95,29.81
S00225,Kapoeta_East,hematite,images\Kapoeta_East\hematite\07893620017689218932779.jpg,,0.11,0.91,70.45,0.52,28.01
S00226,Kapoeta_East,hematite,images\Kapoeta_East\hematite\08500640017685571492295.jpg,,0.65,1.61,66.05,1.01,30.69
S00227,Kapoeta_East,hematite,images\Kapoeta_East\hematite\08791430017680531941831.jpg,,0.81,1.66,64.63,1.33,31.58
S00228,Kapoeta_East,hematite,images\Kapoeta_East\hematite\09019640017685692913069.jpg,,0.42,0.41,67.22,0.68,31.27
S00229,Kapoeta_East,hematite,images\Kapoeta_East\hematite\09257840017680531932964.jpg,,0.38,0.22,68.28,0.63,30.49
S00230,Kapoeta_East,hematite,images\Kapoeta_East\hematite\09339410017678498374793.jpg,,0.68,0.35,69.89,0.74,28.35
S00231,Kapoeta_East,hematite,images\Kapoeta_East\hematite\09436530017689449148446.jpg,,0.24,0.14,69.21,1.13,29.28
S00232,Kapoeta_East,hematite,images\Kapoeta_East\hematite\09466420017685018081082.jpg,,0.62,1.61,66.1,1.42,30.26
S00233,Kapoeta_East,hematite,images\Kapoeta_East\hematite\09468660017687243092991.jpg,,0.6,1.13,69.24,1.17,27.85
S00234,Kapoeta_East,hematite,images\Kapoeta_East\hematite\09515520017689218928827.jpg,,0.33,1.88,68.11,0.85,28.83
S00235,Kapoeta_East,hematite,images\Kapoeta_East\hematite\09576660017680531887696.jpg,,1.02,1.82,70.41,1.0,25.74
S00236,Kapoeta_East,hematite,images\Kapoeta_East\hematite\09693440017683962148719.jpg,,0.28,1.79,63.9,1.27,32.76
S00237,Kapoeta_East,hematite,images\Kapoeta_East\hematite\09793020017673756407196.jpg,,0.35,1.77,65.68,1.43,30.77
S00238,Kapoeta_East,hematite,images\Kapoeta_East\hematite\09821660017675802308289.jpg,,0.37,0.5,70.68,1.2,27.25
S00239,Kapoeta_East,hematite,images\Kapoeta_East\hematite\09831030017680533279376.jpg,,0.79,1.45,68.88,0.84,28.03
S00240,Kapoeta_East,hematite,images\Kapoeta_East\hematite\09974090017683212232814.jpg,,0.63,1.78,67.58,0.12,29.88
S00241,Central_Equatoria,gold,images\Central_Equatoria\gold\00081230017663975235325.jpg,,94.29,1.47,2.06,1.44,0.74
S00242,Central_Equatoria,gold,images\Central_Equatoria\gold\00133860017665798544624.jpg,,93.36,0.56,3.2,1.32,1.57
S00243,Central_Equatoria,gold,images\Central_Equatoria\gold\00525480017640944004012.jpg,,93.61,2.57,2.6,0.22,1.01
S00244,Central_Equatoria,gold,images\Central_Equatoria\gold\00560600017644271983607.jpg,,93.76,2.91,0.76,1.46,1.11
S00245,Central_Equatoria,gold,images\Central_Equatoria\gold\01086100017645840805314.jpg,,97.13,0.66,0.8,0.71,0.7
S00246,Central_Equatoria,gold,images\Central_Equatoria\gold\01120100017676540869881.jpg,,93.87,1.75,1.33,1.03,2.02
S00247,Central_Equatoria,gold,images\Central_Equatoria\gold\01404480017700468059602.jpg,,94.0,1.75,2.06,0.91,1.28
S00248,Central_Equatoria,gold,images\Central_Equatoria\gold\01421120017637661217720.jpg,,95.28,1.85,1.03,1.22,0.63
S00249,Central_Equatoria,gold,images\Central_Equatoria\gold\01459350017647364032767.jpg,,94.98,2.31,1.57,0.1,1.04
S00250,Central_Equatoria,gold,images\Central_Equatoria\gold\01469190017640943987789.jpg,,94.97,0.81,1.89,0.51,1.82
S00251,Central_Equatoria,gold,images\Central_Equatoria\gold\01604920017645486223558.jpg,,93.28,1.4,3.75,0.22,1.36
S00252,Central_Equatoria,gold,images\Central_Equatoria\gold\01612100017672924769402.jpg,,91.16,2.1,3.76,1.13,1.85
S00253,Central_Equatoria,gold,images\Central_Equatoria\gold\01800480017649994904879.jpg,,94.8,0.66,1.88,1.54,1.12
S00254,Central_Equatoria,gold,images\Central_Equatoria\gold\01997320017663125882328.jpg,,94.28,2.55,1.21,0.99,0.97
S00255,Central_Equatoria,gold,images\Central_Equatoria\gold\02016580017682943046764.jpg,,94.33,0.87,2.89,1.18,0.73
S00256,Central_Equatoria,gold,images\Central_Equatoria\gold\02073400017645708055768.jpg,,96.76,0.71,0.97,0.9,0.67
S00257,Central_Equatoria,gold,images\Central_Equatoria\gold\02238780017650352363259.jpg,,95.13,0.89,2.15,0.87,0.96
S00258,Central_Equatoria,gold,images\Central_Equatoria\gold\02352870017640927692743.jpg,,93.67,1.2,3.0,1.11,1.02
S00259,Central_Equatoria,gold,images\Central_Equatoria\gold\02452390017661647222135.jpg,,96.86,0.83,1.49,0.13,0.69
S00260,Central_Equatoria,gold,images\Central_Equatoria\gold\02583350017688450809183.jpg,,92.0,2.81,3.32,0.13,1.73
S00261,Central_Equatoria,gold,images\Central_Equatoria\gold\02639720017646455335322.jpg,,96.19,0.74,1.44,0.49,1.13
S00262,Central_Equatoria,gold,images\Central_Equatoria\gold\02792250017653653209756.jpg,,96.56,0.71,1.83,0.43,0.48
S00263,Central_Equatoria,gold,images\Central_Equatoria\gold\02810870017644271987739.jpg,,92.68,2.54,2.74,0.65,1.39
S00264,Central_Equatoria,gold,images\Central_Equatoria\gold\02972380017645131169227.jpg,,96.8,0.68,1.05,0.12,1.35
S00265,Central_Equatoria,gold,images\Central_Equatoria\gold\03507260017682094419884.jpg,,94.54,1.75,2.88,0.21,0.62
S00266,Central_Equatoria,gold,images\Central_Equatoria\gold\03512320017678893456615.jpg,,94.86,1.06,0.7,1.33,2.04
S00267,Central_Equatoria,gold,images\Central_Equatoria\gold\03702900017684991849920.jpg,,89.77,2.97,4.11,1.13,2.03
S00268,Central_Equatoria,gold,images\Central_Equatoria\gold\03757750017677604976686.jpg,,92.5,0.97,3.27,1.37,1.89
S00269,Central_Equatoria,gold,images\Central_Equatoria\gold\03906910017682848292187.jpg,,93.44,1.72,3.06,0.45,1.34
S00270,Central_Equatoria,gold,images\Central_Equatoria\gold\04106050017655014729785.jpg,,95.06,1.08,2.74,0.41,0.72
S00271,Central_Equatoria,gold,images\Central_Equatoria\gold\04110150017663066574642.jpg,,94.37,1.76,2.92,0.28,0.67
S00272,Central_Equatoria,gold,images\Central_Equatoria\gold\04225180017660131536461.jpg,,90.85,2.5,3.9,1.5,1.25
S00273,Central_Equatoria,gold,images\Central_Equatoria\gold\04347250017672931915777.jpg,,93.76,2.35,1.47,0.4,2.02
S00274,Central_Equatoria,gold,images\Central_Equatoria\gold\04530100017645840801174.jpg,,93.1,1.21,3.84,0.92,0.93
S00275,Central_Equatoria,gold,images\Central_Equatoria\gold\04532780017644536313561.jpg,,91.21,2.73,3.81,1.35,0.9
S00276,Central_Equatoria,gold,images\Central_Equatoria\gold\04919250017688590772425.jpg,,95.44,2.8,1.3,0.21,0.25
S00277,Central_Equatoria,gold,images\Central_Equatoria\gold\04921590017650170776548.jpg,,92.84,1.41,3.09,1.25,1.42
S00278,Central_Equatoria,gold,images\Central_Equatoria\gold\04930840017650376652856.jpg,,94.39,0.63,3.89,0.41,0.68
S00279,Central_Equatoria,gold,images\Central_Equatoria\gold\05106660017686038357234.jpg,,92.39,1.2,3.19,1.29,1.93
S00280,Central_Equatoria,gold,images\Central_Equatoria\gold\05177270017682943047419.jpg,,90.84,2.78,3.35,1.49,1.54
S00281,Central_Equatoria,gold,images\Central_Equatoria\gold\05550660017640931867946.jpg,,93.82,2.44,1.16,1.28,1.3
S00282,Central_Equatoria,gold,images\Central_Equatoria\gold\05575350017667500871483.jpg,,95.36,0.75,2.29,0.81,0.8
S00283,Central_Equatoria,gold,images\Central_Equatoria\gold\05647640017685880971497.jpg,,91.72,2.7,2.82,1.08,1.67
S00284,Central_Equatoria,gold,images\Central_Equatoria\gold\05852880017640927598020.jpg,,92.92,1.84,3.68,0.77,0.79
S00285,Central_Equatoria,gold,images\Central_Equatoria\gold\05884700017703264898120.jpg,,93.95,2.55,0.53,1.06,1.91
S00286,Central_Equatoria,gold,images\Central_Equatoria\gold\06270300017676576333168.jpg,,94.16,2.52,1.07,1.16,1.09
S00287,Central_Equatoria,gold,images\Central_Equatoria\gold\06287950017640943988238.jpg,,92.54,1.23,3.56,1.05,1.62
S00288,Central_Equatoria,gold,images\Central_Equatoria\gold\06331770017652140506932.jpg,,95.19,1.26,1.62,0.61,1.32
S00289,Central_Equatoria,gold,images\Central_Equatoria\gold\06369500017672924768567.jpg,,94.69,1.29,2.13,1.12,0.77
S00290,Central_Equatoria,gold,images\Central_Equatoria\gold\06461300017663335012836.jpg,,94.03,1.67,3.37,0.26,0.68
S00291,Central_Equatoria,gold,images\Central_Equatoria\gold\06701280017678498404586.jpg,,94.03,0.95,3.9,0.26,0.87
S00292,Central_Equatoria,gold,images\Central_Equatoria\gold\06736710017645840807937.jpg,,94.67,1.82,1.54,0.54,1.44
S00293,Central_Equatoria,gold,images\Central_Equatoria\gold\06851650017683436602235.jpg,,95.42,1.33,0.88,1.0,1.37
S00294,Central_Equatoria,gold,images\Central_Equatoria\gold\06871870017672924755941.jpg,,94.77,1.98,1.56,0.47,1.21
S00295,Central_Equatoria,gold,images\Central_Equatoria\gold\06892040017682466656054.jpg,,92.73,2.26,3.47,0.37,1.17
S00296,Central_Equatoria,gold,images\Central_Equatoria\gold\07029050017661647226803.jpg,,93.29,2.98,1.95,1.31,0.47
S00297,Central_Equatoria,gold,images\Central_Equatoria\gold\07223070017663765915203.jpg,,93.28,0.8,3.4,1.51,1.01
S00298,Central_Equatoria,gold,images\Central_Equatoria\gold\07258520017674417448270.jpg,,95.33,1.07,2.91,0.22,0.46
S00299,Central_Equatoria,gold,images\Central_Equatoria\gold\07261730017650376655288.jpg,,96.33,1.17,1.35,0.19,0.96
S00300,Central_Equatoria,gold,images\Central_Equatoria\gold\07267340017676540858658.jpg,,92.43,2.52,3.72,0.85,0.47
S00301,Central_Equatoria,gold,images\Central_Equatoria\gold\07306600017682848291094.jpg,,92.88,1.41,3.69,0.91,1.11
S00302,Central_Equatoria,gold,images\Central_Equatoria\gold\07940110017688508748319.jpg,,94.61,1.05,2.79,0.66,0.89
S00303,Central_Equatoria,gold,images\Central_Equatoria\gold\07946850017693853943811.jpg,,95.94,1.74,0.62,0.56,1.14
S00304,Central_Equatoria,gold,images\Central_Equatoria\gold\08069800017644536315284.jpg,,97.28,1.13,1.04,0.32,0.23
S00305,Central_Equatoria,gold,images\Central_Equatoria\gold\08217720017657663647393.jpg,,96.28,0.85,1.66,0.58,0.63
S00306,Central_Equatoria,gold,images\Central_Equatoria\gold\08256030017682848289561.jpg,,91.83,2.86,3.94,0.57,0.8
S00307,Central_Equatoria,gold,images\Central_Equatoria\gold\08367440017667249692182.jpg,,93.89,1.84,2.21,0.36,1.69
S00308,Central_Equatoria,gold,images\Central_Equatoria\gold\08495990017682943044299.jpg,,94.68,2.36,1.22,1.16,0.58
S00309,Central_Equatoria,gold,images\Central_Equatoria\gold\08513800017678227699029.jpg,,96.68,1.85,1.1,0.22,0.14
S00310,Central_Equatoria,gold,images\Central_Equatoria\gold\08595940017644570647699.jpg,,95.45,2.09,1.4,0.19,0.87
S00311,Central_Equatoria,gold,images\Central_Equatoria\gold\08681170017645840795845.jpg,,93.65,1.68,2.18,0.93,1.55
S00312,Central_Equatoria,gold,images\Central_Equatoria\gold\09032450017647364029075.jpg,,95.52,0.8,2.66,0.27,0.75
S00313,Central_Equatoria,gold,images\Central_Equatoria\gold\09045310017678893445788.jpg,,96.09,0.96,2.17,0.65,0.13
S00314,Central_Equatoria,gold,images\Central_Equatoria\gold\09309940017662816255485.jpg,,93.5,0.56,3.24,0.91,1.8
S00315,Central_Equatoria,gold,images\Central_Equatoria\gold\09432720017679614786546.jpg,,94.23,1.61,1.13,1.28,1.76
S00316,Central_Equatoria,gold,images\Central_Equatoria\gold\09575900017640200981327.jpg,,92.6,1.89,3.96,0.2,1.36
S00317,Central_Equatoria,gold,images\Central_Equatoria\gold\09598520017699012064927.jpg,,95.33,1.89,1.62,0.41,0.76
S00318,Central_Equatoria,gold,images\Central_Equatoria\gold\09933260017687243119939.jpg,,96.21,0.52,1.25,1.02,1.01
S00319,Central_Equatoria,chalcopyrite,images\Central_Equatoria\chalcopyrite\00310390017686622498223.jpg,,1.08,33.4,28.42,34.95,2.15
S00320,Central_Equatoria,chalcopyrite,images\Central_Equatoria\chalcopyrite\00330220017696303889385.jpg,,1.11,31.58,30.47,34.16,2.68
S00321,Central_Equatoria,chalcopyrite,images\Central_Equatoria\chalcopyrite\00352960017688444696809.jpg,,0.75,33.64,27.96,35.4,2.25
S00322,Central_Equatoria,chalcopyrite,images\Central_Equatoria\chalcopyrite\00534000017684106462831.jpg,,0.21,36.32,29.94,31.31,2.22
S00323,Central_Equatoria,chalcopyrite,images\Central_Equatoria\chalcopyrite\00568820017691656023123.jpg,,1.37,33.37,27.33,35.92,2.02
S00324,Central_Equatoria,chalcopyrite,images\Central_Equatoria\chalcopyrite\00582650017688590462559.jpg,,1.15,29.61,30.63,36.3,2.32
S00325,Central_Equatoria,chalcopyrite,images\Central_Equatoria\chalcopyrite\00741150017686622484505.jpg,,0.15,35.68,31.06,30.95,2.16
S00326,Central_Equatoria,chalcopyrite,images\Central_Equatoria\chalcopyrite\01031880017686381038897.jpg,,0.23,32.81,31.3,32.72,2.95
S00327,Central_Equatoria,chalcopyrite,images\Central_Equatoria\chalcopyrite\01086310017686622511846.jpg,,0.13,35.09,28.7,34.67,1.41
S00328,Central_Equatoria,chalcopyrite,images\Central_Equatoria\chalcopyrite\01088830017686622505138.jpg,,0.88,34.12,28.64,33.97,2.4
S00329,Central_Equatoria,chalcopyrite,images\Central_Equatoria\chalcopyrite\01535130017688450766645.jpg,,0.38,36.07,26.32,35.41,1.82
S00330,Central_Equatoria,chalcopyrite,images\Central_Equatoria\chalcopyrite\01626190017688444703774.jpg,,0.16,34.71,29.41,34.19,1.52
S00331,Central_Equatoria,chalcopyrite,images\Central_Equatoria\chalcopyrite\01852070017685021341087.jpg,,0.97,34.64,30.98,31.5,1.91
S00332,Central_Equatoria,chalcopyrite,images\Central_Equatoria\chalcopyrite\01876760017703265805274.jpg,,0.32,31.64,32.23,35.29,0.52
S00333,Central_Equatoria,chalcopyrite,images\Central_Equatoria\chalcopyrite\02031120017685021302432.jpg,,0.75,34.0,29.14,34.68,1.43
S00334,Central_Equatoria,chalcopyrite,images\Central_Equatoria\chalcopyrite\02141940017689452605374.jpg,,0.95,30.3,32.89,33.14,2.72
S00335,Central_Equatoria,chalcopyrite,images\Central_Equatoria\chalcopyrite\02596060017696293093617.jpg,,0.49,33.5,31.17,32.38,2.46
S00336,Central_Equatoria,chalcopyrite,images\Central_Equatoria\chalcopyrite\02645210017693932031369.jpg,,0.18,35.56,28.7,32.77,2.79
S00337,Central_Equatoria,chalcopyrite,images\Central_Equatoria\chalcopyrite\02830680017685881112868.jpg,,0.5,34.75,31.47,32.5,0.79
S00338,Central_Equatoria,chalcopyrite,images\Central_Equatoria\chalcopyrite\03195120017688444696308.jpg,,0.55,31.87,31.17,35.27,1.14
S00339,Central_Equatoria,chalcopyrite,images\Central_Equatoria\chalcopyrite\03208310017691141456741.jpg,,0.29,35.67,30.45,32.29,1.3
S00340,Central_Equatoria,chalcopyrite,images\Central_Equatoria\chalcopyrite\03279170017696370965724.jpg,,0.76,35.67,29.25,33.51,0.81
S00341,Central_Equatoria,chalcopyrite,images\Central_Equatoria\chalcopyrite\03429230017686622508941.jpg,,0.18,31.99,32.48,33.79,1.55
S00342,Central_Equatoria,chalcopyrite,images\Central_Equatoria\chalcopyrite\03472540017686622481707.jpg,,1.38,31.03,29.78,35.29,2.53
S00343,Central_Equatoria,chalcopyrite,images\Central_Equatoria\chalcopyrite\03541620017686622515094.jpg,,0.57,32.89,31.14,32.89,2.5
S00344,Central_Equatoria,chalcopyrite,images\Central_Equatoria\chalcopyrite\03569560017686381034784.jpg,,1.01,35.39,28.17,34.35,1.08
S00345,Central_Equatoria,chalcopyrite,images\Central_Equatoria\chalcopyrite\03601090017686622493585.jpg,,0.39,39.32,27.98,31.4,0.91
S00346,Central_Equatoria,chalcopyrite,images\Central_Equatoria\chalcopyrite\03654210017688444689163.jpg,,0.23,34.34,29.11,34.39,1.93
S00347,Central_Equatoria,chalcopyrite,images\Central_Equatoria\chalcopyrite\03683550017698741912803.jpg,,0.43,35.82,29.93,32.71,1.11
S00348,Central_Equatoria,chalcopyrite,images\Central_Equatoria\chalcopyrite\03841790017688444703420.jpg,,0.79,34.46,28.4,33.52,2.83
S00349,Central_Equatoria,chalcopyrite,images\Central_Equatoria\chalcopyrite\04166740017689872746415.jpg,,1.27,36.94,28.4,32.42,0.97
S00350,Central_Equatoria,chalcopyrite,images\Central_Equatoria\chalcopyrite\04322520017684291821339.jpg,,0.79,36.15,28.75,32.35,1.97
S00351,Central_Equatoria,chalcopyrite,images\Central_Equatoria\chalcopyrite\05077630017685881117345.jpg,,1.28,31.87,26.45,39.49,0.91
S00352,Central_Equatoria,chalcopyrite,images\Central_Equatoria\chalcopyrite\05134050017688444699161.jpg,,0.63,35.15,28.73,32.99,2.51
S00353,Central_Equatoria,chalcopyrite,images\Central_Equatoria\chalcopyrite\05375790017691141424556.jpg,,1.3,30.82,29.65,36.86,1.37
S00354,Central_Equatoria,chalcopyrite,images\Central_Equatoria\chalcopyrite\05636090017689906535842.jpg,,0.47,32.88,28.2,36.41,2.04
S00355,Central_Equatoria,chalcopyrite,images\Central_Equatoria\chalcopyrite\05768100017688444688003.jpg,,0.47,33.48,27.48,35.78,2.78
S00356,Central_Equatoria,chalcopyrite,images\Central_Equatoria\chalcopyrite\05811490017686622518025.jpg,,0.48,33.01,29.02,36.07,1.41
S00357,Central_Equatoria,chalcopyrite,images\Central_Equatoria\chalcopyrite\05903040017686622486904.jpg,,0.31,32.83,31.46,32.45,2.95
S00358,Central_Equatoria,chalcopyrite,images\Central_Equatoria\chalcopyrite\05938080017688444707191.jpg,,1.14,33.39,29.35,33.94,2.19
S00359,Central_Equatoria,chalcopyrite,images\Central_Equatoria\chalcopyrite\05950530017686381031516.jpg,,1.28,33.0,30.59,32.52,2.62
S00360,Central_Equatoria,chalcopyrite,images\Central_Equatoria\chalcopyrite\05998030017686622498504.jpg,,0.52,33.43,27.57,36.69,1.79
S00361,Central_Equatoria,chalcopyrite,images\Central_Equatoria\chalcopyrite\06080400017686622509993.jpg,,0.53,35.49,29.58,32.27,2.13
S00362,Central_Equatoria,chalcopyrite,images\Central_Equatoria\chalcopyrite\06187110017683747478368.jpg,,0.24,32.49,30.82,34.6,1.86
S00363,Central_Equatoria,chalcopyrite,images\Central_Equatoria\chalcopyrite\06370130017702552158972.jpg,,0.13,33.09,31.02,33.77,1.99
S00364,Central_Equatoria,chalcopyrite,images\Central_Equatoria\chalcopyrite\06442730017692772204617.jpg,,0.17,33.64,30.77,33.24,2.18
S00365,Central_Equatoria,chalcopyrite,images\Central_Equatoria\chalcopyrite\06543310017685021307241.jpg,,1.21,32.96,31.54,32.66,1.64
S00366,Central_Equatoria,chalcopyrite,images\Central_Equatoria\chalcopyrite\06926930017698741901835.jpg,,0.4,33.31,27.94,36.95,1.41
S00367,Central_Equatoria,chalcopyrite,images\Central_Equatoria\chalcopyrite\07156060017702217272087.jpg,,0.82,33.41,30.05,35.15,0.57
S00368,Central_Equatoria,chalcopyrite,images\Central_Equatoria\chalcopyrite\07319230017688444691713.jpg,,0.25,36.18,29.36,32.32,1.89
S00369,Central_Equatoria,chalcopyrite,images\Central_Equatoria\chalcopyrite\07614550017691715256896.jpg,,1.2,31.79,31.87,33.17,1.97
S00370,Central_Equatoria,chalcopyrite,images\Central_Equatoria\chalcopyrite\07791350017689452598760.jpg,,0.33,35.18,31.11,32.54,0.84
S00371,Central_Equatoria,chalcopyrite,images\Central_Equatoria\chalcopyrite\08150490017686622486322.jpg,,0.81,33.06,27.69,36.09,2.35
S00372,Central_Equatoria,chalcopyrite,images\Central_Equatoria\chalcopyrite\08183900017688444682704.jpg,,0.75,33.57,29.53,34.22,1.94
S00373,Central_Equatoria,chalcopyrite,images\Central_Equatoria\chalcopyrite\08296260017689906536238.jpg,,0.68,31.98,31.79,34.16,1.4
S00374,Central_Equatoria,chalcopyrite,images\Central_Equatoria\chalcopyrite\08315140017686622518034.jpg,,0.49,36.7,27.36,34.93,0.52
S00375,Central_Equatoria,chalcopyrite,images\Central_Equatoria\chalcopyrite\08563360017686622499258.jpg,,1.34,32.27,30.67,34.31,1.41
S00376,Central_Equatoria,chalcopyrite,images\Central_Equatoria\chalcopyrite\08661620017695584157649.jpg,,0.38,34.86,30.21,33.38,1.17
S00377,Central_Equatoria,chalcopyrite,images\Central_Equatoria\chalcopyrite\08712310017692786971668.jpg,,0.22,31.55,31.21,35.55,1.48
S00378,Central_Equatoria,chalcopyrite,images\Central_Equatoria\chalcopyrite\08719890017686622505904.jpg,,0.16,34.02,29.89,33.97,1.96
S00379,Central_Equatoria,chalcopyrite,images\Central_Equatoria\chalcopyrite\08767790017698739851415.jpg,,0.91,33.6,29.76,34.26,1.47
S00380,Central_Equatoria,chalcopyrite,images\Central_Equatoria\chalcopyrite\08880990017691141442864.jpg,,0.68,33.02,31.23,32.56,2.51
S00381,Central_Equatoria,chalcopyrite,images\Central_Equatoria\chalcopyrite\08922710017697072639718.jpg,,0.57,34.34,29.99,32.45,2.65
S00382,Central_Equatoria,chalcopyrite,images\Central_Equatoria\chalcopyrite\08957940017695637537377.jpg,,0.33,30.35,29.82,37.52,1.97
S00383,Central_Equatoria,chalcopyrite,images\Central_Equatoria\chalcopyrite\09127730017686381025072.jpg,,1.18,32.08,31.65,34.37,0.72
S00384,Central_Equatoria,chalcopyrite,images\Central_Equatoria\chalcopyrite\09356550017698739887277.jpg,,0.41,35.17,29.31,33.6,1.5
S00385,Central_Equatoria,chalcopyrite,images\Central_Equatoria\chalcopyrite\09563440017695504489055.jpg,,1.12,35.66,28.01,33.83,1.39
S00386,Central_Equatoria,chalcopyrite,images\Central_Equatoria\chalcopyrite\09728390017698739727652.jpg,,0.47,33.18,30.15,34.67,1.54
S00387,Central_Equatoria,chalcopyrite,images\Central_Equatoria\chalcopyrite\09878520017689452595105.jpg,,1.35,33.54,28.46,34.53,2.13
S00388,Central_Equatoria,chalcopyrite,images\Central_Equatoria\chalcopyrite\09911260017688444692290.jpg,,0.24,35.2,28.28,35.5,0.79
S00389,Central_Equatoria,hematite,images\Central_Equatoria\hematite\00099180017696915185839.jpg,,0.68,1.14,65.59,0.67,31.92
S00390,Central_Equatoria,hematite,images\Central_Equatoria\hematite\00532180017689714598554.jpg,,0.27,0.2,68.89,0.26,30.38
S00391,Central_Equatoria,hematite,images\Central_Equatoria\hematite\00623730017700711669624.jpg,,0.38,0.94,68.46,0.11,30.11
S00392,Central_Equatoria,hematite,images\Central_Equatoria\hematite\00932430017695786415200.jpg,,0.36,1.35,69.44,1.44,27.4
S00393,Central_Equatoria,hematite,images\Central_Equatoria\hematite\01223530017696514497130.jpg,,0.93,0.88,70.94,0.3,26.94
S00394,Central_Equatoria,hematite,images\Central_Equatoria\hematite\01233850017695641844707.jpg,,0.66,1.76,67.93,0.48,29.17
S00395,Central_Equatoria,hematite,images\Central_Equatoria\hematite\01380160017701828204638.jpg,,0.72,0.68,69.46,0.98,28.16
S00396,Central_Equatoria,hematite,images\Central_Equatoria\hematite\01534550017695650254245.jpg,,0.19,0.84,68.14,1.09,29.74
S00397,Central_Equatoria,hematite,images\Central_Equatoria\hematite\01793730017697962376060.jpg,,0.9,1.1,66.99,0.76,30.25
S00398,Central_Equatoria,hematite,images\Central_Equatoria\hematite\01880740017701828217578.jpg,,0.38,0.28,69.77,0.35,29.22
S00399,Central_Equatoria,hematite,images\Central_Equatoria\hematite\01900740017696514458993.jpg,,0.38,0.66,66.82,0.64,31.5
S00400,Central_Equatoria,hematite,images\Central_Equatoria\hematite\01945340017696915858122.jpg,,0.69,1.37,67.69,1.1,29.15
S00401,Central_Equatoria,hematite,images\Central_Equatoria\hematite\02590860017695786561754.jpg,,0.84,0.46,65.06,0.27,33.37
S00402,Central_Equatoria,hematite,images\Central_Equatoria\hematite\02645210017693932031369.jpg,,0.59,0.55,67.21,1.0,30.65
S00403,Central_Equatoria,hematite,images\Central_Equatoria\hematite\02894490017695584155029.jpg,,0.89,1.6,65.5,0.89,31.12
S00404,Central_Equatoria,hematite,images\Central_Equatoria\hematite\03088800017692934876101.jpg,,0.43,1.85,66.09,0.13,31.5
S00405,Central_Equatoria,hematite,images\Central_Equatoria\hematite\03574000017694856784870.jpg,,0.74,0.91,71.11,0.64,26.61
S00406,Central_Equatoria,hematite,images\Central_Equatoria\hematite\03968500017696915853516.jpg,,0.38,1.01,70.89,0.31,27.41
S00407,Central_Equatoria,hematite,images\Central_Equatoria\hematite\04108240017692676448652.jpg,,0.7,0.95,70.42,1.02,26.9
S00408,Central_Equatoria,hematite,images\Central_Equatoria\hematite\04396790017695641763717.jpg,,0.65,1.23,66.98,0.67,30.47
S00409,Central_Equatoria,hematite,images\Central_Equatoria\hematite\04494910017702227173669.jpg,,0.86,1.16,64.13,0.56,33.3
S00410,Central_Equatoria,hematite,images\Central_Equatoria\hematite\04699350017689714596007.jpg,,0.23,0.38,72.21,0.69,26.49
S00411,Central_Equatoria,hematite,images\Central_Equatoria\hematite\04862370017696915173848.jpg,,0.81,1.51,64.24,0.46,32.98
S00412,Central_Equatoria,hematite,images\Central_Equatoria\hematite\04949300017696514486404.jpg,,0.6,1.82,66.56,1.01,30.01
S00413,Central_Equatoria,hematite,images\Central_Equatoria\hematite\05001250017693853854364.jpg,,0.53,1.42,66.63,0.68,30.75
S00414,Central_Equatoria,hematite,images\Central_Equatoria\hematite\05121540017689993407970.jpg,,0.83,1.65,68.01,0.91,28.6
S00415,Central_Equatoria,hematite,images\Central_Equatoria\hematite\05258340017700959471765.jpg,,0.45,1.85,67.02,0.82,29.85
S00416,Central_Equatoria,hematite,images\Central_Equatoria\hematite\05327640017696915186671.jpg,,0.74,1.03,69.34,0.39,28.5
S00417,Central_Equatoria,hematite,images\Central_Equatoria\hematite\05500900017695786389218.jpg,,0.15,0.86,68.73,0.82,29.43
S00418,Central_Equatoria,hematite,images\Central_Equatoria\hematite\05599550017695641774220.jpg,,0.86,1.12,64.13,1.4,32.48
S00419,Central_Equatoria,hematite,images\Central_Equatoria\hematite\05680320017689714528457.jpg,,0.88,1.57,69.97,0.48,27.1
S00420,Central_Equatoria,hematite,images\Central_Equatoria\hematite\05725350017695786541714.jpg,,0.96,1.36,68.39,1.39,27.89
S00421,Central_Equatoria,hematite,images\Central_Equatoria\hematite\05790000017695641868290.jpg,,0.47,1.02,65.63,0.68,32.2
S00422,Central_Equatoria,hematite,images\Central_Equatoria\hematite\05905070017695786419665.jpg,,0.35,0.78,68.02,0.4,30.46
S00423,Central_Equatoria,hematite,images\Central_Equatoria\hematite\06014870017696514444399.jpg,,0.16,0.6,68.46,0.56,30.22
S00424,Central_Equatoria,hematite,images\Central_Equatoria\hematite\06070410017695173401666.jpg,,0.46,1.93,68.64,0.35,28.63
S00425,Central_Equatoria,hematite,images\Central_Equatoria\hematite\06409350017698739774622.jpg,,0.89,0.22,66.5,1.08,31.31
S00426,Central_Equatoria,hematite,images\Central_Equatoria\hematite\06548860017695641782968.jpg,,0.22,0.4,70.24,1.41,27.74
S00427,Central_Equatoria,hematite,images\Central_Equatoria\hematite\06836230017696514498442.jpg,,0.45,0.73,70.1,0.87,27.84
S00428,Central_Equatoria,hematite,images\Central_Equatoria\hematite\06899690017695786538950.jpg,,0.11,0.71,69.41,1.09,28.69
S00429,Central_Equatoria,hematite,images\Central_Equatoria\hematite\06932020017696915177465.jpg,,0.54,0.35,67.26,0.46,31.38
S00430,Central_Equatoria,hematite,images\Central_Equatoria\hematite\07183490017695584145039.jpg,,0.74,0.14,72.46,0.9,25.76
S00431,Central_Equatoria,hematite,images\Central_Equatoria\hematite\07261250017695641804782.jpg,,0.58,1.84,71.03,0.38,26.17
S00432,Central_Equatoria,hematite,images\Central_Equatoria\hematite\07521410017700956568904.jpg,,0.73,1.72,69.0,0.85,27.7
S00433,Central_Equatoria,hematite,images\Central_Equatoria\hematite\07750400017689714584476.jpg,,0.44,1.15,67.03,0.19,31.18
S00434,Central_Equatoria,hematite,images\Central_Equatoria\hematite\08429580017695786297442.jpg,,0.1,1.22,67.82,0.95,29.9
S00435,Central_Equatoria,hematite,images\Central_Equatoria\hematite\08434910017700958966843.jpg,,0.65,1.3,64.27,1.31,32.46
S00436,Central_Equatoria,hematite,images\Central_Equatoria\hematite\08463110017695786375280.jpg,,0.34,0.53,67.22,0.3,31.6
S00437,Central_Equatoria,hematite,images\Central_Equatoria\hematite\08742130017702029707479.jpg,,0.47,0.5,69.08,1.46,28.49
S00438,Central_Equatoria,hematite,images\Central_Equatoria\hematite\08822610017700925651835.jpg,,0.68,1.42,70.08,0.87,26.95
S00439,Central_Equatoria,hematite,images\Central_Equatoria\hematite\09031280017695173407216.jpg,,0.47,0.62,69.79,0.38,28.74
S00440,Central_Equatoria,hematite,images\Central_Equatoria\hematite\09074020017695641795661.jpg,,0.92,0.78,69.44,0.55,28.3
S00441,Central_Equatoria,hematite,images\Central_Equatoria\hematite\09355590017695641826552.jpg,,0.35,1.65,67.61,1.24,29.15
S00442,Central_Equatoria,hematite,images\Central_Equatoria\hematite\09679800017695786505407.jpg,,0.66,1.04,68.7,0.26,29.33
S00443,Central_Equatoria,hematite,images\Central_Equatoria\hematite\09901260017695641745556.jpg,,0.78,1.64,63.66,1.42,32.5
S00444,Yei_River,gold,images\Yei_River\gold\00077890017519670815490.jpg,,94.23,2.38,1.5,1.43,0.46
S00445,Yei_River,gold,images\Yei_River\gold\00086040017476483482465.jpg,,94.71,1.9,1.18,1.12,1.09
S00446,Yei_River,gold,images\Yei_River\gold\00125990017519172053279.jpg,,93.15,0.78,3.53,1.07,1.46
S00447,Yei_River,gold,images\Yei_River\gold\00219740017519670758607.jpg,,94.03,2.12,1.47,0.46,1.93
S00448,Yei_River,gold,images\Yei_River\gold\00382120017525642777963.jpg,,92.82,1.86,3.92,0.62,0.78
S00449,Yei_River,gold,images\Yei_River\gold\00385090017536327267304.jpg,,93.69,3.17,1.47,0.22,1.46
S00450,Yei_River,gold,images\Yei_River\gold\00393210017518690967408.jpg,,92.96,2.57,2.8,0.69,0.98
S00451,Yei_River,gold,images\Yei_River\gold\00472860017535386118412.jpg,,94.67,2.88,1.76,0.18,0.5
S00452,Yei_River,gold,images\Yei_River\gold\00702210017478010188738.jpg,,95.9,2.45,1.13,0.28,0.24
S00453,Yei_River,gold,images\Yei_River\gold\00707180017527647234728.jpg,,94.07,2.22,3.26,0.28,0.18
S00454,Yei_River,gold,images\Yei_River\gold\00757460017526851873323.jpg,,93.17,1.6,3.58,0.63,1.02
S00455,Yei_River,gold,images\Yei_River\gold\00784720017477750806650.jpg,,91.77,2.99,2.21,1.49,1.54
S00456,Yei_River,gold,images\Yei_River\gold\00869050017520586614636.jpg,,95.19,2.2,1.66,0.11,0.84
S00457,Yei_River,gold,images\Yei_River\gold\00926650017533716273598.jpg,,96.33,1.19,0.81,0.4,1.27
S00458,Yei_River,gold,images\Yei_River\gold\01212780017493102792095.jpg,,94.12,1.84,1.75,0.26,2.03
S00459,Yei_River,gold,images\Yei_River\gold\01316200017494650671086.jpg,,94.72,2.19,0.98,0.21,1.91
S00460,Yei_River,gold,images\Yei_River\gold\01344540017529956385109.jpg,,93.3,1.12,3.51,0.34,1.73
S00461,Yei_River,gold,images\Yei_River\gold\01379130017535386105985.jpg,,94.88,1.3,1.93,0.69,1.2
S00462,Yei_River,gold,images\Yei_River\gold\01388040017518690953570.jpg,,92.69,2.61,3.24,1.05,0.41
S00463,Yei_River,gold,images\Yei_River\gold\01493640017509006022836.jpg,,95.53,0.63,1.18,0.68,1.99
S00464,Yei_River,gold,images\Yei_River\gold\01502720017521303866556.jpg,,94.38,2.46,1.71,0.99,0.47
S00465,Yei_River,gold,images\Yei_River\gold\01659440017532562366163.jpg,,94.18,2.26,1.89,0.33,1.34
S00466,Yei_River,gold,images\Yei_River\gold\01707120017525612304101.jpg,,93.23,1.33,2.93,1.0,1.51
S00467,Yei_River,gold,images\Yei_River\gold\01756850017518690945447.jpg,,95.21,2.32,0.62,1.12,0.74
S00468,Yei_River,gold,images\Yei_River\gold\01803060017531269159932.jpg,,95.52,0.87,1.55,0.23,1.84
S00469,Yei_River,gold,images\Yei_River\gold\01977300017533447035060.jpg,,92.7,1.83,3.52,0.86,1.09
S00470,Yei_River,gold,images\Yei_River\gold\02126990017527647231263.jpg,,92.67,2.5,1.76,1.5,1.57
S00471,Yei_River,gold,images\Yei_River\gold\02131630017519670778032.jpg,,92.87,2.74,1.94,0.57,1.88
S00472,Yei_River,gold,images\Yei_River\gold\02179110017518075001118.jpg,,92.44,2.51,3.48,0.6,0.96
S00473,Yei_River,gold,images\Yei_River\gold\02282930017504584745140.jpg,,94.51,2.6,1.87,0.17,0.86
S00474,Yei_River,gold,images\Yei_River\gold\02497230017538665975936.jpg,,94.56,0.97,3.13,0.86,0.49
S00475,Yei_River,gold,images\Yei_River\gold\02500430017471445191245.jpg,,92.91,2.88,2.46,1.14,0.61
S00476,Yei_River,gold,images\Yei_River\gold\02675220017525612299524.jpg,,92.09,3.32,1.52,1.16,1.91
S00477,Yei_River,gold,images\Yei_River\gold\02786410017494806082040.jpg,,94.9,2.38,0.83,1.52,0.37
S00478,Yei_River,gold,images\Yei_River\gold\02837310017494704002942.jpg,,94.17,2.6,1.67,1.3,0.26
S00479,Yei_River,gold,images\Yei_River\gold\02981480017535386099981.jpg,,96.03,2.15,1.22,0.41,0.18
S00480,Yei_River,gold,images\Yei_River\gold\03102060017542208904636.jpg,,92.2,2.68,2.8,1.3,1.02
S00481,Yei_River,gold,images\Yei_River\gold\03111950017494806079137.jpg,,95.34,1.87,1.01,0.59,1.19
S00482,Yei_River,gold,images\Yei_River\gold\03430180017471366316625.jpg,,94.15,0.95,2.75,0.94,1.21
S00483,Yei_River,gold,images\Yei_River\gold\03593580017519670765058.jpg,,95.04,0.75,2.14,1.08,0.98
S00484,Yei_River,gold,images\Yei_River\gold\03593680017505334189109.jpg,,95.23,1.78,1.67,1.15,0.17
S00485,Yei_River,gold,images\Yei_River\gold\03652680017535386086419.jpg,,93.17,0.73,3.97,0.84,1.29
S00486,Yei_River,gold,images\Yei_River\gold\03744190017494703984915.jpg,,94.85,2.49,1.29,0.36,1.02
S00487,Yei_River,gold,images\Yei_River\gold\03900620017504543885044.jpg,,95.8,1.15,1.96,0.15,0.94
S00488,Yei_River,gold,images\Yei_River\gold\04030120017531269154591.jpg,,94.43,1.47,0.88,1.22,2.01
S00489,Yei_River,gold,images\Yei_River\gold\04238220017530350043606.jpg,,93.63,1.79,3.31,0.52,0.74
S00490,Yei_River,gold,images\Yei_River\gold\04316020017519670812927.jpg,,94.78,1.76,1.29,0.55,1.62
S00491,Yei_River,gold,images\Yei_River\gold\04391500017536161322133.jpg,,94.03,0.67,2.79,1.36,1.15
S00492,Yei_River,gold,images\Yei_River\gold\04625940017503516223886.jpg,,92.34,2.29,3.94,1.05,0.38
S00493,Yei_River,gold,images\Yei_River\gold\04713410017530350205510.jpg,,93.4,2.53,2.28,0.44,1.34
S00494,Yei_River,gold,images\Yei_River\gold\04719350017535386118942.jpg,,95.81,1.09,1.02,0.41,1.67
S00495,Yei_River,gold,images\Yei_River\gold\04757060017547673845117.jpg,,94.55,0.73,2.44,1.41,0.86
S00496,Yei_River,gold,images\Yei_River\gold\04789680017519172046522.jpg,,93.89,2.23,1.8,1.44,0.63
S00497,Yei_River,gold,images\Yei_River\gold\04873200017529956381813.jpg,,96.25,0.67,1.89,0.5,0.69
S00498,Yei_River,gold,images\Yei_River\gold\04906330017525642777580.jpg,,93.81,2.47,1.99,1.3,0.44
S00499,Yei_River,gold,images\Yei_River\gold\05032510017493102806348.jpg,,95.11,2.56,1.41,0.2,0.73
S00500,Yei_River,gold,images\Yei_River\gold\05220180017519670754639.jpg,,93.4,1.82,3.34,0.29,1.15
S00501,Yei_River,gold,images\Yei_River\gold\05290040017512244144862.jpg,,92.76,1.45,4.01,0.7,1.08
S00502,Yei_River,gold,images\Yei_River\gold\05320680017533731661472.jpg,,93.54,1.66,2.19,0.65,1.96
S00503,Yei_River,gold,images\Yei_River\gold\05362200017532562367853.jpg,,92.94,3.01,1.36,1.4,1.3
S00504,Yei_River,gold,images\Yei_River\gold\05428460017525642762358.jpg,,95.18,2.59,1.53,0.36,0.34
S00505,Yei_River,gold,images\Yei_River\gold\05438670017532732928564.jpg,,93.49,1.35,3.94,0.78,0.44
S00506,Yei_River,gold,images\Yei_River\gold\05528740017519670807502.jpg,,95.1,0.77,3.15,0.52,0.47
S00507,Yei_River,gold,images\Yei_River\gold\05708620017536614296408.jpg,,94.07,0.62,3.52,0.12,1.68
S00508,Yei_River,gold,images\Yei_River\gold\05899870017535386102264.jpg,,92.41,2.52,3.36,0.53,1.18
S00509,Yei_River,gold,images\Yei_River\gold\05996220017518690958096.jpg,,94.66,1.33,2.12,1.66,0.23
S00510,Yei_River,gold,images\Yei_River\gold\06191100017521303854127.jpg,,96.28,1.17,1.64,0.23,0.69
S00511,Yei_River,gold,images\Yei_River\gold\06302620017524229172346.jpg,,94.01,1.19,2.15,1.11,1.55
S00512,Yei_River,gold,images\Yei_River\gold\06327540017490386801984.jpg,,92.76,0.93,3.95,1.3,1.05
S00513,Yei_River,gold,images\Yei_River\gold\06346980017530009513783.jpg,,95.78,0.91,1.82,0.58,0.91
S00514,Yei_River,gold,images\Yei_River\gold\06613120017471704661872.jpg,,94.38,2.66,1.41,0.44,1.12
S00515,Yei_River,gold,images\Yei_River\gold\06661860017518690949878.jpg,,93.62,2.7,1.0,0.91,1.77
S00516,Yei_River,gold,images\Yei_River\gold\06676040017504249904517.jpg,,92.69,1.47,3.49,0.44,1.91
S00517,Yei_River,gold,images\Yei_River\gold\06940330017532732923675.jpg,,92.64,1.99,3.19,0.53,1.64
S00518,Yei_River,gold,images\Yei_River\gold\06966270017529956383041.jpg,,95.31,1.84,1.73,0.39,0.73
S00519,Yei_River,gold,images\Yei_River\gold\07035510017533390228245.jpg,,93.58,2.25,2.58,0.22,1.36
S00520,Yei_River,gold,images\Yei_River\gold\07227640017525612292225.jpg,,94.31,0.62,3.72,0.8,0.55
S00521,Yei_River,gold,images\Yei_River\gold\07475420017531269142179.jpg,,96.68,0.83,1.54,0.44,0.51
S00522,Yei_River,gold,images\Yei_River\gold\07618070017535386095246.jpg,,92.17,2.69,3.51,1.12,0.51
S00523,Yei_River,gold,images\Yei_River\gold\07770650017527647226160.jpg,,94.81,1.44,2.98,0.55,0.22
S00524,Yei_River,gold,images\Yei_River\gold\07981710017535386081317.jpg,,94.02,2.46,1.59,1.26,0.67
S00525,Yei_River,gold,images\Yei_River\gold\07985930017494806069518.jpg,,93.98,2.72,1.02,1.12,1.15
S00526,Yei_River,gold,images\Yei_River\gold\08094810017519670761413.jpg,,94.56,1.85,2.6,0.79,0.19
S00527,Yei_River,gold,images\Yei_River\gold\08313430017521425001110.jpg,,93.8,1.78,1.04,1.5,1.88
S00528,Yei_River,gold,images\Yei_River\gold\08392850017530350049479.jpg,,93.66,0.83,2.91,1.34,1.26
S00529,Yei_River,gold,images\Yei_River\gold\08421190017494703983323.jpg,,94.48,1.27,2.49,0.3,1.46
S00530,Yei_River,gold,images\Yei_River\gold\08473990017521462739986.jpg,,94.13,1.93,2.26,0.26,1.41
S00531,Yei_River,gold,images\Yei_River\gold\08489870017481301839937.jpg,,91.96,1.49,3.87,0.97,1.72
S00532,Yei_River,gold,images\Yei_River\gold\08781150017512244149385.jpg,,93.29,1.41,4.16,0.49,0.66
S00533,Yei_River,gold,images\Yei_River\gold\08853090017535386111028.jpg,,93.38,0.79,2.66,1.42,1.76
S00534,Yei_River,gold,images\Yei_River\gold\08979420017522281528312.jpg,,96.02,1.63,0.68,0.69,0.98
S00535,Yei_River,gold,images\Yei_River\gold\09133690017514182852604.jpg,,94.0,1.74,1.79,1.08,1.39
S00536,Yei_River,gold,images\Yei_River\gold\09185840017527647228719.jpg,,93.65,0.6,2.61,1.33,1.81
S00537,Yei_River,gold,images\Yei_River\gold\09268570017519670757682.jpg,,92.08,2.65,3.65,0.45,1.17
S00538,Yei_River,gold,images\Yei_River\gold\09532400017531269147802.jpg,,93.95,0.68,3.77,0.78,0.82
S00539,Yei_River,gold,images\Yei_River\gold\09707100017526595815099.jpg,,95.13,0.68,2.7,1.35,0.14
S00540,Yei_River,gold,images\Yei_River\gold\09794770017573937422134.jpg,,94.66,2.09,1.53,0.14,1.57
S00541,Yei_River,gold,images\Yei_River\gold\09924500017536614291900.jpg,,92.75,0.86,3.0,1.36,2.02
S00542,Yei_River,chalcopyrite,images\Yei_River\chalcopyrite\00078420017635831199690.jpg,,1.02,31.51,30.99,34.06,2.42
S00543,Yei_River,chalcopyrite,images\Yei_River\chalcopyrite\00173630017662675622242.jpg,,0.32,33.93,29.41,34.12,2.21
S00544,Yei_River,chalcopyrite,images\Yei_River\chalcopyrite\00237810017662700787728.jpg,,0.79,32.75,30.78,32.95,2.73
S00545,Yei_River,chalcopyrite,images\Yei_River\chalcopyrite\00309150017662576584843.jpg,,0.62,35.64,29.48,31.49,2.76
S00546,Yei_River,chalcopyrite,images\Yei_River\chalcopyrite\00360610017651185683724.jpg,,1.38,30.47,30.69,36.69,0.77
S00547,Yei_River,chalcopyrite,images\Yei_River\chalcopyrite\00401910017662700859356.jpg,,0.52,34.85,31.24,32.66,0.73
S00548,Yei_River,chalcopyrite,images\Yei_River\chalcopyrite\00407360017653880486363.jpg,,0.38,33.66,31.8,33.39,0.76
S00549,Yei_River,chalcopyrite,images\Yei_River\chalcopyrite\00407980017652693609624.jpg,,0.43,36.04,28.63,34.35,0.55
S00550,Yei_River,chalcopyrite,images\Yei_River\chalcopyrite\00624850017626714539809.jpg,,0.98,35.85,29.59,30.81,2.77
S00551,Yei_River,chalcopyrite,images\Yei_River\chalcopyrite\00627140017640004285089.jpg,,0.66,32.66,28.78,36.41,1.5
S00552,Yei_River,chalcopyrite,images\Yei_River\chalcopyrite\00683310017611616961644.jpg,,0.45,31.11,31.27,36.49,0.67
S00553,Yei_River,chalcopyrite,images\Yei_River\chalcopyrite\00752400017655612048771.jpg,,0.41,36.65,26.58,34.31,2.05
S00554,Yei_River,chalcopyrite,images\Yei_River\chalcopyrite\00878910017650586702667.jpg,,1.47,33.1,31.48,32.94,1.01
S00555,Yei_River,chalcopyrite,images\Yei_River\chalcopyrite\00973420017659048644492.jpg,,0.24,33.58,31.2,33.8,1.18
S00556,Yei_River,chalcopyrite,images\Yei_River\chalcopyrite\01076690017659467782250.jpg,,0.32,31.32,27.23,38.26,2.87
S00557,Yei_River,chalcopyrite,images\Yei_River\chalcopyrite\01342170017664195003286.jpg,,0.67,33.58,28.45,35.2,2.1
S00558,Yei_River,chalcopyrite,images\Yei_River\chalcopyrite\01358420017659048673739.jpg,,1.51,34.88,31.97,29.93,1.71
S00559,Yei_River,chalcopyrite,images\Yei_River\chalcopyrite\01415280017665699902025.jpg,,0.3,39.02,27.69,32.25,0.74
S00560,Yei_River,chalcopyrite,images\Yei_River\chalcopyrite\01466390017659048724258.jpg,,0.32,37.98,29.77,29.11,2.82
S00561,Yei_River,chalcopyrite,images\Yei_River\chalcopyrite\01622760017658988625023.jpg,,0.67,30.36,33.7,33.08,2.21
S00562,Yei_River,chalcopyrite,images\Yei_River\chalcopyrite\01695060017622903078568.jpg,,0.98,34.38,29.05,33.03,2.56
S00563,Yei_River,chalcopyrite,images\Yei_River\chalcopyrite\01757050017654915172222.jpg,,1.56,32.24,31.71,32.71,1.78
S00564,Yei_River,chalcopyrite,images\Yei_River\chalcopyrite\01819590017659048733811.jpg,,0.72,34.24,28.79,35.37,0.89
S00565,Yei_River,chalcopyrite,images\Yei_River\chalcopyrite\01828150017662549372651.jpg,,0.59,38.01,30.01,30.67,0.71
S00566,Yei_River,chalcopyrite,images\Yei_River\chalcopyrite\01956130017650655323311.jpg,,1.05,33.47,30.71,33.28,1.49
S00567,Yei_River,chalcopyrite,images\Yei_River\chalcopyrite\01984450017654194696951.jpg,,1.12,32.68,31.38,32.34,2.48
S00568,Yei_River,chalcopyrite,images\Yei_River\chalcopyrite\02106900017662700755189.jpg,,1.01,34.56,31.82,31.63,0.98
S00569,Yei_River,chalcopyrite,images\Yei_River\chalcopyrite\02134910017662549368248.jpg,,0.34,32.49,29.05,35.55,2.57
S00570,Yei_River,chalcopyrite,images\Yei_River\chalcopyrite\02153930017662813673729.jpg,,0.62,32.88,29.75,34.07,2.68
S00571,Yei_River,chalcopyrite,images\Yei_River\chalcopyrite\02189520017662689723439.jpg,,1.21,33.62,29.74,34.27,1.15
S00572,Yei_River,chalcopyrite,images\Yei_River\chalcopyrite\02253150017663379865292.jpg,,0.99,31.86,30.74,33.95,2.46
S00573,Yei_River,chalcopyrite,images\Yei_River\chalcopyrite\02265280017659048692497.jpg,,0.29,32.54,32.45,32.72,2.0
S00574,Yei_River,chalcopyrite,images\Yei_River\chalcopyrite\02336330017659048703030.jpg,,0.93,36.78,27.65,33.55,1.08
S00575,Yei_River,chalcopyrite,images\Yei_River\chalcopyrite\02635080017617737785676.jpg,,0.21,31.2,29.45,37.68,1.46
S00576,Yei_River,chalcopyrite,images\Yei_River\chalcopyrite\02693000017661882752704.jpg,,0.91,36.95,27.48,33.37,1.3
S00577,Yei_River,chalcopyrite,images\Yei_River\chalcopyrite\02716200017659048719669.jpg,,0.31,33.55,31.06,32.93,2.15
S00578,Yei_River,chalcopyrite,images\Yei_River\chalcopyrite\02825120017651119714064.jpg,,0.84,31.58,31.44,34.67,1.47
S00579,Yei_River,chalcopyrite,images\Yei_River\chalcopyrite\02904920017662576604399.jpg,,0.87,32.6,31.81,33.66,1.06
S00580,Yei_River,chalcopyrite,images\Yei_River\chalcopyrite\03116670017650655335981.jpg,,0.35,30.12,31.15,36.69,1.7
S00581,Yei_River,chalcopyrite,images\Yei_River\chalcopyrite\03160090017653880473143.jpg,,0.48,34.21,27.7,36.44,1.16
S00582,Yei_River,chalcopyrite,images\Yei_River\chalcopyrite\03165460017652140501342.jpg,,0.55,33.68,31.7,32.26,1.81
S00583,Yei_River,chalcopyrite,images\Yei_River\chalcopyrite\03181510017606496308998.jpg,,1.36,33.41,32.01,32.42,0.81
S00584,Yei_River,chalcopyrite,images\Yei_River\chalcopyrite\03226110017662700762461.jpg,,1.31,35.07,28.49,33.39,1.75
S00585,Yei_River,chalcopyrite,images\Yei_River\chalcopyrite\03270120017659932002384.jpg,,0.52,33.26,30.53,34.82,0.87
S00586,Yei_River,chalcopyrite,images\Yei_River\chalcopyrite\03280120017626714524935.jpg,,0.92,35.32,29.45,32.01,2.31
S00587,Yei_River,chalcopyrite,images\Yei_River\chalcopyrite\03320350017635831193882.jpg,,1.33,32.42,26.17,38.25,1.83
S00588,Yei_River,chalcopyrite,images\Yei_River\chalcopyrite\03374860017659048682455.jpg,,0.27,31.87,30.3,35.12,2.43
S00589,Yei_River,chalcopyrite,images\Yei_River\chalcopyrite\03482440017662700802258.jpg,,1.34,29.65,31.57,35.56,1.88
S00590,Yei_River,chalcopyrite,images\Yei_River\chalcopyrite\03562600017646455324649.jpg,,0.26,34.2,27.28,35.38,2.87
S00591,Yei_River,chalcopyrite,images\Yei_River\chalcopyrite\03775420017663379865021.jpg,,1.33,33.54,27.22,35.81,2.1
S00592,Yei_River,chalcopyrite,images\Yei_River\chalcopyrite\03919860017611662035598.jpg,,1.29,33.5,26.93,36.3,1.98
S00593,Yei_River,chalcopyrite,images\Yei_River\chalcopyrite\04368190017662658587918.jpg,,0.58,34.13,28.88,34.0,2.41
S00594,Yei_River,chalcopyrite,images\Yei_River\chalcopyrite\04581990017625230318124.jpg,,0.36,31.16,30.87,36.24,1.38
S00595,Yei_River,chalcopyrite,images\Yei_River\chalcopyrite\04941580017662576587501.jpg,,0.34,37.2,26.34,34.7,1.42
S00596,Yei_River,chalcopyrite,images\Yei_River\chalcopyrite\05009050017629755913005.jpg,,1.06,33.49,30.92,32.69,1.84
S00597,Yei_River,chalcopyrite,images\Yei_River\chalcopyrite\05048220017611616962759.jpg,,0.87,33.4,28.62,35.04,2.06
S00598,Yei_River,chalcopyrite,images\Yei_River\chalcopyrite\05148770017662675629895.jpg,,1.41,32.37,29.14,36.37,0.71
S00599,Yei_River,chalcopyrite,images\Yei_River\chalcopyrite\05343330017653880485567.jpg,,0.57,37.06,30.47,29.5,2.42
S00600,Yei_River,chalcopyrite,images\Yei_River\chalcopyrite\05773200017662700779647.jpg,,1.29,35.74,30.53,30.9,1.55
S00601,Yei_River,chalcopyrite,images\Yei_River\chalcopyrite\05949120017664233509594.jpg,,0.21,35.46,28.87,33.21,2.25
S00602,Yei_River,chalcopyrite,images\Yei_River\chalcopyrite\06043240017650003269308.jpg,,0.65,37.75,29.4,30.74,1.46
S00603,Yei_River,chalcopyrite,images\Yei_River\chalcopyrite\06326800017659792427408.jpg,,0.92,32.46,28.82,35.66,2.14
S00604,Yei_River,chalcopyrite,images\Yei_River\chalcopyrite\06399950017635831191775.jpg,,0.73,34.09,29.31,35.26,0.61
S00605,Yei_River,chalcopyrite,images\Yei_River\chalcopyrite\06601450017659048721247.jpg,,0.5,32.58,31.4,34.41,1.11
S00606,Yei_River,chalcopyrite,images\Yei_River\chalcopyrite\06657110017650605736633.jpg,,0.11,30.04,32.55,35.58,1.73
S00607,Yei_River,chalcopyrite,images\Yei_River\chalcopyrite\06671090017662549352951.jpg,,0.74,35.39,29.72,33.08,1.08
S00608,Yei_River,chalcopyrite,images\Yei_River\chalcopyrite\06671820017650655318345.jpg,,0.98,33.16,31.36,33.22,1.28
S00609,Yei_River,chalcopyrite,images\Yei_River\chalcopyrite\06755010017663015332910.jpg,,0.43,33.96,31.27,32.74,1.6
S00610,Yei_River,chalcopyrite,images\Yei_River\chalcopyrite\06827940017658988614858.jpg,,1.14,34.2,29.84,32.61,2.21
S00611,Yei_River,chalcopyrite,images\Yei_River\chalcopyrite\06954440017662549365838.jpg,,1.27,34.15,30.88,33.07,0.62
S00612,Yei_River,chalcopyrite,images\Yei_River\chalcopyrite\06973930017662700756238.jpg,,1.27,34.47,29.58,33.22,1.46
S00613,Yei_River,chalcopyrite,images\Yei_River\chalcopyrite\06974680017626714543656.jpg,,0.46,34.88,30.18,32.91,1.57
S00614,Yei_River,chalcopyrite,images\Yei_River\chalcopyrite\07024790017659048675501.jpg,,1.29,33.16,29.82,34.01,1.73
S00615,Yei_River,chalcopyrite,images\Yei_River\chalcopyrite\07043590017659048632139.jpg,,0.85,30.14,30.91,35.18,2.92
S00616,Yei_River,chalcopyrite,images\Yei_River\chalcopyrite\07123320017645366474846.jpg,,1.43,34.88,28.01,34.66,1.02
S00617,Yei_River,chalcopyrite,images\Yei_River\chalcopyrite\07335230017659048709996.jpg,,0.17,33.58,29.27,35.23,1.76
S00618,Yei_River,chalcopyrite,images\Yei_River\chalcopyrite\07425470017655135702924.jpg,,1.07,32.01,30.06,34.14,2.73
S00619,Yei_River,chalcopyrite,images\Yei_River\chalcopyrite\07474760017667063411541.jpg,,0.58,37.02,27.37,33.59,1.43
S00620,Yei_River,chalcopyrite,images\Yei_River\chalcopyrite\07493600017650772012395.jpg,,0.4,33.75,29.36,34.1,2.4
S00621,Yei_River,chalcopyrite,images\Yei_River\chalcopyrite\07654650017662658576110.jpg,,1.13,34.01,30.1,32.29,2.47
S00622,Yei_River,chalcopyrite,images\Yei_River\chalcopyrite\07707210017659048691081.jpg,,1.22,35.02,29.26,33.52,0.97
S00623,Yei_River,chalcopyrite,images\Yei_River\chalcopyrite\07911700017662576598961.jpg,,1.25,32.43,30.5,34.3,1.53
S00624,Yei_River,chalcopyrite,images\Yei_River\chalcopyrite\08003060017662576609118.jpg,,0.9,32.22,29.37,35.71,1.79
S00625,Yei_River,chalcopyrite,images\Yei_River\chalcopyrite\08191630017661682179459.jpg,,0.91,32.32,33.34,32.55,0.89
S00626,Yei_River,chalcopyrite,images\Yei_River\chalcopyrite\08268600017645711418192.jpg,,0.21,32.68,29.86,34.58,2.67
S00627,Yei_River,chalcopyrite,images\Yei_River\chalcopyrite\08280800017659048713185.jpg,,0.64,34.94,29.16,33.67,1.58
S00628,Yei_River,chalcopyrite,images\Yei_River\chalcopyrite\08307230017659048683687.jpg,,1.13,32.3,31.92,33.49,1.16
S00629,Yei_River,chalcopyrite,images\Yei_River\chalcopyrite\08789550017662700791495.jpg,,0.26,30.37,33.11,35.43,0.83
S00630,Yei_River,chalcopyrite,images\Yei_River\chalcopyrite\08849770017651185666146.jpg,,0.36,36.3,29.72,32.25,1.37
S00631,Yei_River,chalcopyrite,images\Yei_River\chalcopyrite\09041980017630058811797.jpg,,0.99,35.1,28.63,33.52,1.75
S00632,Yei_River,chalcopyrite,images\Yei_River\chalcopyrite\09229980017644663957913.jpg,,1.34,32.55,27.06,37.13,1.92
S00633,Yei_River,chalcopyrite,images\Yei_River\chalcopyrite\09258360017662813676251.jpg,,1.28,31.83,29.73,35.08,2.09
S00634,Yei_River,chalcopyrite,images\Yei_River\chalcopyrite\09315980017662658581140.jpg,,0.47,35.2,30.6,32.39,1.35
S00635,Yei_River,chalcopyrite,images\Yei_River\chalcopyrite\09333190017669626266301.jpg,,1.12,35.01,30.52,32.49,0.86
S00636,Yei_River,chalcopyrite,images\Yei_River\chalcopyrite\09431760017625535924789.jpg,,0.84,35.72,26.56,35.14,1.74
S00637,Yei_River,chalcopyrite,images\Yei_River\chalcopyrite\09586590017662576585186.jpg,,1.2,35.25,25.78,35.91,1.86
S00638,Yei_River,chalcopyrite,images\Yei_River\chalcopyrite\09853420017651609245877.jpg,,0.61,30.73,32.52,34.93,1.21
S00639,Yei_River,chalcopyrite,images\Yei_River\chalcopyrite\09909190017683046429002.jpg,,0.67,35.67,27.96,34.99,0.71
S00640,Yei_River,hematite,images\Yei_River\hematite\00166790017654381751671.jpg,,0.63,0.27,69.49,0.56,29.06
S00641,Yei_River,hematite,images\Yei_River\hematite\00205710017650604072177.jpg,,0.23,1.1,69.34,1.34,27.99
S00642,Yei_River,hematite,images\Yei_River\hematite\00412420017661824615997.jpg,,0.49,1.85,66.62,0.98,30.06
S00643,Yei_River,hematite,images\Yei_River\hematite\00459020017651185749558.jpg,,0.1,0.94,69.23,1.25,28.49
S00644,Yei_River,hematite,images\Yei_River\hematite\00573900017669647574415.jpg,,0.8,1.78,67.57,1.43,28.42
S00645,Yei_River,hematite,images\Yei_River\hematite\00608240017671529522838.jpg,,0.5,0.66,69.05,1.16,28.64
S00646,Yei_River,hematite,images\Yei_River\hematite\01199870017647562644172.jpg,,0.75,1.74,70.33,1.4,25.79
S00647,Yei_River,hematite,images\Yei_River\hematite\01460200017654848625579.jpg,,0.52,0.65,70.39,1.45,26.99
S00648,Yei_River,hematite,images\Yei_River\hematite\01906520017642622162747.jpg,,0.49,1.62,67.09,1.13,29.68
S00649,Yei_River,hematite,images\Yei_River\hematite\02361140017651351379875.jpg,,0.32,1.93,67.57,1.35,28.83
S00650,Yei_River,hematite,images\Yei_River\hematite\02407760017655676232731.jpg,,0.27,0.49,67.77,1.02,30.45
S00651,Yei_River,hematite,images\Yei_River\hematite\02594170017667684484729.jpg,,0.23,1.85,65.23,1.32,31.36
S00652,Yei_River,hematite,images\Yei_River\hematite\02720990017651428528908.jpg,,0.68,0.25,69.47,0.44,29.16
S00653,Yei_River,hematite,images\Yei_River\hematite\02830650017650490899768.jpg,,0.99,1.4,68.09,0.22,29.31
S00654,Yei_River,hematite,images\Yei_River\hematite\02984930017645708559430.jpg,,0.6,1.86,69.95,0.78,26.82
S00655,Yei_River,hematite,images\Yei_River\hematite\03152300017674539684048.jpg,,0.79,0.6,68.49,1.17,28.95
S00656,Yei_River,hematite,images\Yei_River\hematite\03258930017664477042280.jpg,,0.24,1.08,68.79,0.75,29.15
S00657,Yei_River,hematite,images\Yei_River\hematite\03433130017650851206869.jpg,,0.32,0.5,69.23,0.16,29.79
S00658,Yei_River,hematite,images\Yei_River\hematite\03606920017653159735348.jpg,,0.49,2.01,66.32,0.39,30.79
S00659,Yei_River,hematite,images\Yei_River\hematite\03755650017652956286335.jpg,,0.92,0.19,71.74,0.39,26.76
S00660,Yei_River,hematite,images\Yei_River\hematite\03838570017651211644412.jpg,,0.36,0.26,69.24,0.64,29.51
S00661,Yei_River,hematite,images\Yei_River\hematite\03857130017671529517777.jpg,,0.8,1.68,71.33,1.0,25.19
S00662,Yei_River,hematite,images\Yei_River\hematite\04322730017671692732293.jpg,,0.49,0.11,68.83,1.23,29.33
S00663,Yei_River,hematite,images\Yei_River\hematite\04604950017658934629283.jpg,,0.93,1.28,72.68,0.5,24.61
S00664,Yei_River,hematite,images\Yei_River\hematite\04708160017659735102258.jpg,,0.15,0.84,68.7,0.82,29.49
S00665,Yei_River,hematite,images\Yei_River\hematite\04755570017671605712159.jpg,,0.94,1.68,65.8,1.27,30.31
S00666,Yei_River,hematite,images\Yei_River\hematite\05300280017671531429527.jpg,,0.95,1.22,66.71,1.05,30.08
S00667,Yei_River,hematite,images\Yei_River\hematite\05315490017654793573088.jpg,,0.4,0.79,67.67,0.83,30.3
S00668,Yei_River,hematite,images\Yei_River\hematite\05319470017667737914696.jpg,,0.54,1.7,69.75,0.43,27.59
S00669,Yei_River,hematite,images\Yei_River\hematite\05439420017647347453854.jpg,,0.14,1.96,67.67,0.63,29.61
S00670,Yei_River,hematite,images\Yei_River\hematite\05501140017664385816406.jpg,,0.3,0.85,69.05,0.76,29.04
S00671,Yei_River,hematite,images\Yei_River\hematite\06272420017651185733262.jpg,,0.75,0.14,69.07,0.39,29.65
S00672,Yei_River,hematite,images\Yei_River\hematite\06351120017657662997319.jpg,,0.8,0.55,70.01,1.33,27.31
S00673,Yei_River,hematite,images\Yei_River\hematite\06489520017665868853275.jpg,,0.13,1.03,68.48,0.31,30.06
S00674,Yei_River,hematite,images\Yei_River\hematite\06617300017653159732017.jpg,,0.63,1.35,68.89,0.91,28.22
S00675,Yei_River,hematite,images\Yei_River\hematite\06682220017660847111514.jpg,,0.37,0.25,67.72,0.22,31.44
S00676,Yei_River,hematite,images\Yei_River\hematite\06699900017644917574666.jpg,,0.1,0.45,69.34,1.34,28.77
S00677,Yei_River,hematite,images\Yei_River\hematite\06935050017655554777415.jpg,,0.73,1.81,67.71,0.66,29.09
S00678,Yei_River,hematite,images\Yei_River\hematite\07037720017640426624726.jpg,,0.86,0.31,68.48,0.8,29.55
S00679,Yei_River,hematite,images\Yei_River\hematite\07185240017641135461910.jpg,,0.33,0.9,69.34,0.96,28.47
S00680,Yei_River,hematite,images\Yei_River\hematite\07186940017664378964943.jpg,,0.95,0.35,69.16,1.18,28.36
S00681,Yei_River,hematite,images\Yei_River\hematite\07494900017658370594764.jpg,,0.74,0.28,65.86,1.34,31.79
S00682,Yei_River,hematite,images\Yei_River\hematite\07767330017642474663683.jpg,,0.75,0.87,66.14,0.97,31.27
S00683,Yei_River,hematite,images\Yei_River\hematite\07768690017642870372970.jpg,,0.56,1.86,67.39,0.66,29.54
S00684,Yei_River,hematite,images\Yei_River\hematite\07808550017664194954319.jpg,,0.31,0.88,67.5,1.19,30.12
S00685,Yei_River,hematite,images\Yei_River\hematite\08150840017671529518264.jpg,,0.59,0.99,63.56,0.78,34.07
S00686,Yei_River,hematite,images\Yei_River\hematite\08158310017671692838809.jpg,,0.56,0.31,69.67,1.4,28.05
S00687,Yei_River,hematite,images\Yei_River\hematite\08169880017695856655993.jpg,,0.35,1.09,70.17,0.31,28.08
S00688,Yei_River,hematite,images\Yei_River\hematite\08193760017649317475123.jpg,,0.88,1.89,67.47,1.27,28.49
S00689,Yei_River,hematite,images\Yei_River\hematite\08541370017643612014697.jpg,,0.4,1.0,67.5,0.96,30.14
S00690,Yei_River,hematite,images\Yei_River\hematite\08548700017661647216072.jpg,,0.36,0.19,68.13,1.04,30.29
S00691,Yei_River,hematite,images\Yei_River\hematite\08751240017655090683731.jpg,,0.39,1.16,67.13,0.17,31.16
S00692,Yei_River,hematite,images\Yei_River\hematite\08767270017667078668598.jpg,,0.54,0.77,68.99,0.55,29.15
S00693,Yei_River,hematite,images\Yei_River\hematite\08769120017665639106649.jpg,,0.8,1.28,67.51,0.92,29.5
S00694,Yei_River,hematite,images\Yei_River\hematite\08776140017660380893594.jpg,,0.96,1.71,69.48,1.12,26.73
S00695,Yei_River,hematite,images\Yei_River\hematite\08798880017649474661416.jpg,,0.42,1.28,68.91,0.27,29.13
S00696,Yei_River,hematite,images\Yei_River\hematite\08879000017654861558213.jpg,,0.83,0.16,67.77,1.49,29.75
S00697,Yei_River,hematite,images\Yei_River\hematite\09167790017671605701259.jpg,,0.47,1.8,68.6,0.42,28.7
S00698,Yei_River,hematite,images\Yei_River\hematite\09186240017661879533734.jpg,,0.26,1.16,67.39,0.39,30.79
S00699,Yei_River,hematite,images\Yei_River\hematite\09522740017651760387878.jpg,,0.94,0.84,66.54,1.06,30.62
S00700,Yei_River,hematite,images\Yei_River\hematite\09598520017699012064927.jpg,,0.37,0.17,70.38,0.73,28.35
S00701,Yei_River,hematite,images\Yei_River\hematite\09784740017645362745840.jpg,,0.71,0.93,67.9,0.83,29.63
S00702,Yei_River,hematite,images\Yei_River\hematite\09801930017655293401356.jpg,,0.18,1.21,67.04,0.26,31.31
S00703,Yei_River,hematite,images\Yei_River\hematite\09854340017655272631477.jpg,,0.94,1.11,70.66,1.01,26.28
S00704,Yei_River,hematite,images\Yei_River\hematite\09856820017674093913115.jpg,,0.82,1.1,68.13,0.48,29.46
